model_region,county_group,candidate_rows,total_capacity_mw,cf_std,cf_min,cf_max,lcoe_std,lcoe_min,lcoe_max,cf_std_norm,lcoe_std_norm,composite_variability_score,capacity_weighted_score,assigned_clusters_composite,max_possible_clusters,remaining_capacity,county_name_full,county_name,state_abbrev
AZ1,04005,1214,143152.6994439,0.003466616223608419,0.30032906,0.31724334,1.3944775028308523,26.963272,35.567307,0.3003072113162162,0.16998233918379396,0.23514477525000507,33661.60933716739,11,1214,1203,"Coconino County, AZ",,
AZ1,04012,377,36432.4338526,0.0023249092112872403,0.30488285,0.31483558,0.9284753102704265,23.984173,31.331976,0.20140302726625683,0.11317816515058529,0.15729059620842106,5730.479241999316,1,377,376,"La Paz County, AZ",,
AZ1,04013,51,4170.152205,0.0021060885518229275,0.30635086,0.3125547,1.0943439800670545,27.556498,31.53446,0.18244695662463797,0.1333970244954643,0.15792199056005113,658.5587371519864,1,51,50,"Maricopa County, AZ",,
AZ1,04015,981,87845.1579742,0.0033063101294381397,0.30431548,0.3224617,1.4566296452086516,22.663147,29.62954,0.2864201603731611,0.17755848618165918,0.23198932327741012,20379.138751631846,5,981,976,"Mohave County, AZ",,
AZ1,04025,497,46211.2294086,0.0031700870489945257,0.30629936,0.32073846,1.3595128087134216,25.640427,31.274826,0.27461938094845045,0.16572025501043056,0.22016981797944052,10174.317967497629,2,497,495,"Yavapai County, AZ",,
AZ1,04027,147,10679.2108812,0.0017902822794041496,0.30432236,0.31354505,1.0403213927162895,27.321175,32.537636,0.15508918326040497,0.12681184420535407,0.14095051373287953,1505.2402599668972,1,147,146,"Yuma County, AZ",,
AZ1,06025,316,22484.8131995,0.00320862147928371,0.30370384,0.3200348,1.0353674082014688,30.450165,34.94969,0.27795755470445926,0.12620796936735917,0.20208276203590922,4543.793155216429,1,316,315,"Imperial County, CA",,
AZ1,06065,135,10735.6439375,0.003838424848922065,0.30488285,0.3200348,1.2453438513586057,27.620584,33.18686,0.33251637558737185,0.15180342494759344,0.24215990026748263,2599.742465212205,1,135,134,"Riverside County, CA",,
AZ1,06071,78,5066.7119,0.005245437052229517,0.30524567,0.3285501,1.2069089158083706,25.710636,32.61262,0.4544035081132002,0.14711832946348236,0.30076091878834127,1523.8689262798223,1,78,77,"San Bernardino County, CA",,
AZ1,06073,11,974.7766210000001,0.0034827487048865817,0.3137137,0.32221824,0.6135987035110314,30.968424,32.913227,0.30170474140081643,0.07479571576537646,0.18825022858309645,183.5019217207084,1,11,10,"San Diego County, CA",,
AZ1,32003,14,1111.05241,0.002928596939261658,0.31063458,0.31666866,0.32951851379210617,25.29741,26.49797,0.2536994934453461,0.040167250934519866,0.14693337218993296,163.250677281052,1,14,13,"Clark County, NV",,
AZ1,49037,2,213.09223,0.0,0.30288532,0.30288532,0.11049886958923934,35.652187,35.808456,0.0,0.01346945812450459,0.006734729062252295,1.4351184343211505,1,2,1,"San Juan County, UT",,
AZ2,04001,82,7896.790561,0.0019669011151142446,0.3064096,0.31497195,0.5783887296139932,31.57669,33.92041,0.17038937993542255,0.07050373277284419,0.12044655635413337,951.141229322275,1,82,81,"Apache County, AZ",,
AZ2,04003,17,322.0047414,0.0012389165062616013,0.307912,0.31203708,0.3195183649507742,23.407148,24.722717,0.10732528121090264,0.0389482648348625,0.07313677302288257,23.5503876840638,1,17,16,"Cochise County, AZ",,
AZ2,04005,225,17330.1922051,0.004632612479787042,0.29374906,0.31368402,4.921275582668942,23.610842,42.467392,0.40131553225855293,0.5998877239768744,0.5006016281177137,8675.52243346597,1,225,224,"Coconino County, AZ",,
AZ2,04007,304,25585.4228825,0.0031440715403616626,0.30462682,0.3183084,1.9661710997567234,25.506811,34.226707,0.272365700602959,0.23966995673558755,0.25601782866927325,6550.324411962788,1,304,303,"Gila County, AZ",,
AZ2,04009,266,27368.136157,0.004384365460353921,0.30360022,0.3198781,1.2133193500946446,22.86842,33.68598,0.3798103048798144,0.14789974086162452,0.26385502287071944,7221.220191634199,1,266,265,"Graham County, AZ",,
AZ2,04012,27,2816.260256,0.002037902387579569,0.309239,0.3136143,0.20342882132262494,29.028196,29.968561,0.17654010235711884,0.024797321459560512,0.10066871190833968,283.50929237017095,1,27,26,"La Paz County, AZ",,
AZ2,04013,730,55866.8123868,0.0032156785030833736,0.3009829,0.3162509,2.0152584256507886,23.25871,32.571564,0.27856889296654797,0.24565354446849239,0.2621112187175202,14643.3182805672,3,730,727,"Maricopa County, AZ",,
AZ2,04017,89,7256.4697168,0.0013011764044686307,0.30612126,0.31152266,1.227755215689114,31.589327,36.259624,0.11271875288511139,0.14965942661984533,0.13118908975247837,951.9696569634165,1,89,88,"Navajo County, AZ",,
AZ2,04019,211,24928.028711,0.003269688001091572,0.30232587,0.31581154,0.9548816132708007,26.488703,31.835915,0.28324764616137027,0.11639700887096628,0.19982232751616827,4981.176717421888,1,211,210,"Pima County, AZ",,
AZ2,04021,808,72460.659294,0.003455630924265422,0.2981139,0.31547588,1.0527698847399918,23.541727,29.00992,0.29935557306197197,0.12832927549356352,0.21384242427776773,15495.163048194321,3,808,805,"Pinal County, AZ",,
AZ2,04025,328,22587.7362503,0.0032050381714476437,0.30170444,0.31850883,1.9459211077452805,23.565632,32.92073,0.2776471386923815,0.23720154759770581,0.25742434314504364,5814.633167366968,1,328,327,"Yavapai County, AZ",,
AZ2,04027,18,687.5213928000001,0.0021210460312820483,0.30478328,0.3136233,1.350567230305052,23.5279,29.493422,0.18374269825132794,0.16462981766732546,0.17418625795932668,119.75677867881637,1,18,17,"Yuma County, AZ",,
AZ2,49017,25,1115.746772,0.002829265623906856,0.29903787,0.3066084,1.5898961977333086,41.50131,45.912518,0.24509458641600032,0.19380325190008388,0.2194489191580421,244.84942316947442,1,25,24,"Garfield County, UT",,
AZ2,49025,31,2231.83543,0.0026923513799561255,0.2987004,0.30734614,0.8415373459882541,40.076344,43.085808,0.23323393264351155,0.10258070588533294,0.16790731926442226,374.74150409065913,1,31,30,"Kane County, UT",,
AZ2,49037,95,3011.302424,0.0041367868624752275,0.29502118,0.30886698,1.310985473266334,41.19313,47.407833,0.35836298175122805,0.15980492831859996,0.259083955034914,780.1801418161435,1,95,94,"San Juan County, UT",,
AZ3,04001,1638,204076.885103,0.00417286848152476,0.29685286,0.31581324,1.9493738317271077,23.177225,33.471355,0.36148867253948047,0.23762242358731162,0.299555548063396,61132.363164099865,31,1638,1607,"Apache County, AZ",,
AZ3,04005,526,67589.597774,0.0035881224370421056,0.2989418,0.31724334,1.1364321840358167,29.237103,34.516636,0.3108330929714637,0.13852744169339787,0.2246802673324308,15186.048896753788,3,526,523,"Coconino County, AZ",,
AZ3,04007,1,46.348797,0.0,0.30612126,0.30612126,0.0,33.409126,33.409126,0.0,0.0,0.0,0.0,1,1,0,"Gila County, AZ",,
AZ3,04017,1411,168893.0424306,0.0037612498251471346,0.29944593,0.31682616,1.436541313359828,26.53824,33.393154,0.325830831333792,0.17510978289958296,0.2504703071166875,42302.69220746412,14,1411,1397,"Navajo County, AZ",,
AZ3,08007,24,1396.743449,0.00036377119298090305,0.3039755,0.30500033,0.439747021323458,32.617546,34.060047,0.031512894844632204,0.053603752790505985,0.04255832381756909,59.4430599926103,1,24,23,"Archuleta County, CO",,
AZ3,08067,145,12315.0421565,0.003492006992028969,0.30520618,0.31634286,1.087200541317218,29.428864,33.75918,0.3025067714537425,0.13252626220202585,0.21751651682788417,2678.725074470435,1,145,144,"La Plata County, CO",,
AZ3,08083,235,19992.3273681,0.003444196016831489,0.3037,0.3179055,1.164936460685429,29.035164,33.03341,0.29836498600484196,0.1420020216789531,0.22018350384189753,4401.980689862519,1,235,234,"Montezuma County, CO",,
AZ3,35003,237,29174.485793,0.001215054160668379,0.30884525,0.3169629,0.7644361851159648,28.439222,32.03173,0.10525812580680509,0.09318232143506228,0.09922022362093369,2894.699004407213,1,237,236,"Catron County, NM",,
AZ3,35006,318,36591.2441268,0.0014297773004099828,0.31045532,0.31719273,0.6573195583564302,26.72559,30.371223,0.12385923511383494,0.08012514787356691,0.10199219149370092,3732.0211779733445,1,318,317,"Cibola County, NM",,
AZ3,35031,801,93524.950324,0.0019309438943788347,0.3088354,0.31899938,1.14276125512918,23.187445,28.660507,0.16727446556670925,0.13929893517904138,0.1532867003728753,14336.131037703037,3,801,798,"McKinley County, NM",,
AZ3,35039,58,4986.034797,0.003070466280699345,0.30667007,0.31639022,1.135212145941835,28.194454,32.15461,0.26598939909116714,0.13837872295918568,0.20218406102517641,1008.0967636703011,1,58,57,"Rio Arriba County, NM",,
AZ3,35043,19,2333.18152,0.0002873187181216111,0.3161264,0.31715617,0.2769632756080872,27.730131,28.65004,0.024889943804693115,0.03376093580591746,0.029325439805305286,68.42157421961069,1,19,18,"Sandoval County, NM",,
AZ3,35045,870,94140.0307969,0.002264117335291336,0.3039755,0.3165202,1.3875612385696587,24.238914,32.481915,0.1961367279203176,0.16913926873257165,0.18263799832644462,17193.546787135667,4,870,866,"San Juan County, NM",,
AZ3,49037,416,40476.0169664,0.004155893214179914,0.2963524,0.3126148,0.9139879584950301,30.175661,34.38907,0.3600181332963532,0.11141220339188988,0.23571516834412154,9540.811153134495,1,416,415,"San Juan County, UT",,
AZ4,04003,855,87014.7961461,0.0030594296181510206,0.30435213,0.31869447,1.2373586715334237,25.120594,30.43854,0.2650333113276721,0.1508300571143138,0.20793168422099295,18093.13311480494,4,855,851,"Cochise County, AZ",,
AZ4,04005,1,10.125,0.0,0.30784154,0.30784154,0.0,33.009613,33.009613,0.0,0.0,0.0,0.0,1,1,0,"Coconino County, AZ",,
AZ4,04007,4,358.899994,0.0010023659402425592,0.30898374,0.311083,0.2919378774511216,31.193449,31.837563,0.08683329818357251,0.03558629178653215,0.06120979498505233,21.96819505287651,1,4,3,"Gila County, AZ",,
AZ4,04009,355,33612.7114059,0.004682707791844336,0.30029616,0.32085988,1.1928770726585223,26.948807,31.959692,0.4056552060192331,0.14540789274662652,0.2755315493829298,9261.362452628904,1,355,354,"Graham County, AZ",,
AZ4,04011,45,4337.814204,0.0008168773293935284,0.3165484,0.31940144,0.30767249532401647,29.16533,30.710361,0.07076472760583226,0.03750429128582004,0.05413450944582615,234.82544400067687,1,45,44,"Greenlee County, AZ",,
AZ4,04017,56,3829.735199,0.0006546453015926729,0.30898374,0.31175625,0.7467320047116334,31.390951,34.29147,0.05671083622805019,0.0910242385743844,0.07386753740121729,282.89310804889084,1,56,55,"Navajo County, AZ",,
AZ4,04019,879,87946.4093599,0.0032352306516289205,0.2989004,0.31411383,1.6579425766882616,23.811724,31.13812,0.2802626631522888,0.20209788744943402,0.24118027530086142,21210.939221142937,5,879,874,"Pima County, AZ",,
AZ4,04021,7,653.391119,0.0038500647227064254,0.30202866,0.31163466,0.687213622518604,26.661757,28.080154,0.33352471853933996,0.08376913850352051,0.20864692852143024,136.3280501025303,1,7,6,"Pinal County, AZ",,
AZ4,04023,100,6690.0835144,0.0018143175823796239,0.30494067,0.3118555,0.7978206761373975,24.904562,28.101164,0.15717132167553988,0.09725178391456693,0.12721155279505342,851.0559121954121,1,100,99,"Santa Cruz County, AZ",,
AZ4,35003,10,290.224577,0.0017366569661353948,0.31377462,0.31744468,0.9005660656373924,29.83267,32.097843,0.15044371135208526,0.10977611766115274,0.130109914506619,37.76109490118966,1,10,9,"Catron County, NM",,
AZ4,35017,52,4256.781031,0.002925332933377098,0.31166384,0.32534453,1.3595705568607368,28.324297,33.346294,0.25341673803151155,0.16572729432454228,0.2095720161780269,892.1021830950501,1,52,51,"Grant County, NM",,
AZ4,35023,330,31160.039714,0.002683518668835169,0.31091774,0.32352868,0.5322184587876198,29.642096,31.92037,0.23246876953516632,0.06487572470538941,0.14867224712027788,4632.63312463748,1,330,329,"Hidalgo County, NM",,
AZ4,35029,5,521.749386,0.0007177420436897906,0.32192376,0.32352868,0.9641207700331437,28.149462,30.36232,0.06217680229988736,0.1175232324746893,0.08985001738728833,46.87919140390701,1,5,4,"Luna County, NM",,
CA1,06023,37,2212.986294,0.0075908653773199865,0.25546223,0.27725804,1.7693905922355646,40.274906,47.114002,0.6575840721609914,0.21568304342481895,0.43663355779290514,966.2640788961559,1,37,36,"Humboldt County, CA",,
CA1,06035,165,14203.484491,0.0038226844819589266,0.29825288,0.3148053,0.743728630970447,31.419228,34.321835,0.33115281371524924,0.09065813693923168,0.21090547532724047,2995.592647877443,1,165,164,"Lassen County, CA",,
CA1,06049,126,9300.805458,0.0021899010097323544,0.29566428,0.30443636,0.5836071954008792,30.335192,34.57838,0.18970749078383564,0.07113984703041001,0.13042366890712281,1213.0451716237528,1,126,125,"Modoc County, CA",,
CA1,06089,319,24661.295343,0.003380053715424905,0.29177788,0.30582795,1.2286230948677366,28.466724,35.79474,0.29280844486491586,0.14976521831072,0.22128683158781792,5457.21990930388,1,319,318,"Shasta County, CA",,
CA1,06093,378,25746.5444528,0.00287027814348982,0.29024935,0.30534396,1.3016011560729186,24.19869,31.995974,0.24864743293565095,0.15866101012347586,0.20365422152956342,5243.392467611284,1,378,377,"Siskiyou County, CA",,
CA1,06103,131,10575.484266,0.0024113354565085763,0.29542723,0.30582795,0.46030464066226967,32.934536,34.904987,0.20888998948324397,0.056109660713844545,0.13249982509854424,1401.2498155774065,1,131,130,"Tehama County, CA",,
CA1,06105,38,1293.713563,0.002565278930911925,0.28914174,0.29972908,2.329245460657295,30.754414,39.31694,0.2222258572333457,0.2839275579075344,0.25307670757044004,327.40876906326304,1,38,37,"Trinity County, CA",,
CA1,41029,1,130.16634,0.0,0.2941297,0.2941297,0.0,29.032444,29.032444,0.0,0.0,0.0,0.0,1,1,0,"Jackson County, OR",,
CA1,41035,334,28918.4339976,0.002437561884630587,0.2813667,0.30040652,1.683650344861052,29.087095,36.599754,0.21116194143410286,0.2052315820126913,0.20819676172339707,6020.724312412112,1,334,333,"Klamath County, OR",,
CA1,41037,23,1548.146337,0.001560922446560698,0.29356062,0.2973635,0.4235731587939621,34.01509,35.49482,0.1352201215165369,0.05163221077507749,0.09342616614580719,144.6373768985848,1,23,22,"Lake County, OR",,
CA2,06025,46,3746.4762165,0.003944753524367961,0.30462563,0.31552875,2.9457174600507785,25.298174,34.99414,0.34172745231073254,0.3590735192339004,0.3504004857723165,1312.7670861960303,1,46,45,"Imperial County, CA",,
CA2,06029,260,23059.3863625,0.006085323323505988,0.30439448,0.33205792,5.7907039627191725,24.778572,41.033405,0.527161462175756,0.7058682575413812,0.6165148598585686,14216.454351701275,3,260,257,"Kern County, CA",,
CA2,06037,130,7611.0165902,0.005026584701052297,0.30424327,0.33313522,2.8557298731753122,25.92006,37.38184,0.435444692071078,0.3481043207466215,0.39177450640884975,2981.8022678951716,1,130,129,"Los Angeles County, CA",,
CA2,06059,12,529.9722624,0.002328884907027122,0.30338016,0.3101943,1.7554451207856836,26.907286,31.643972,0.2017474351913553,0.21398313514142292,0.2078652851663891,110.16283545405238,1,12,11,"Orange County, CA",,
CA2,06065,262,11203.2003936,0.005894536408056482,0.30420375,0.33447933,1.8181840871581725,24.574028,32.830654,0.5106339082619208,0.22163081410384405,0.3661323611828824,4101.854212913766,1,262,261,"Riverside County, CA",,
CA2,06071,399,22194.8216219,0.005171254427038363,0.30654186,0.3326565,2.229353100855956,24.90186,34.56511,0.4479771903836643,0.2717509993390736,0.35986409486136894,7987.119393574583,1,399,398,"San Bernardino County, CA",,
CA2,06073,4,124.855853,0.004778913038373198,0.31548175,0.3242007,0.6675990345526143,29.15765,30.440613,0.41398930689325447,0.08137818308271468,0.24768374498798457,30.924765254709286,1,4,3,"San Diego County, CA",,
CA2,06079,19,1213.570832,0.003078600272194828,0.3220243,0.33097255,0.9325020779435808,38.767628,41.200073,0.2666940332777388,0.11366901522671985,0.1901815242522293,230.79875061780612,1,19,18,"San Luis Obispo County, CA",,
CA2,06083,74,5061.472665,0.008143471664408847,0.29770947,0.32517907,1.9182766305678371,30.055037,43.686974,0.7054554378752855,0.23383177441269887,0.4696436061439922,2377.0882747898427,1,74,73,"Santa Barbara County, CA",,
CA2,06107,146,8403.5045642,0.003372494586608356,0.3007915,0.31260744,5.884673806426199,25.838688,40.510708,0.2921536100783541,0.7173228803758331,0.5047382452270937,4241.570147492181,1,146,145,"Tulare County, CA",,
CA2,06111,74,2031.9759031,0.005204927139641785,0.30340123,0.3252439,3.5920732615404116,25.37374,42.510544,0.45089420160357374,0.43786222027725513,0.4443782109404144,902.9658164936109,1,74,73,"Ventura County, CA",,
CA3,04027,16,1156.7000694,0.0007499667159767016,0.30473688,0.30732936,0.22476540773236256,32.144188,32.91069,0.06496837218990191,0.027398182972752153,0.04618327758132703,53.420200383440445,1,16,15,"Yuma County, AZ",,
CA3,06025,14,816.953392,0.002288206813936549,0.30481017,0.31003004,0.43196680366980417,32.969093,34.297962,0.19822355948382864,0.05265536918916255,0.12543946433649558,102.4781958803631,1,14,13,"Imperial County, CA",,
CA3,06059,1,48.711864,0.0,0.29608876,0.29608876,0.0,32.435314,32.435314,0.0,0.0,0.0,0.0,1,1,0,"Orange County, CA",,
CA3,06065,9,213.5180755,0.0009222617653597397,0.305135,0.30804396,0.9658852259965992,29.131624,32.14566,0.07989400642983863,0.11773831400267816,0.09881616021625839,21.099036357675157,1,9,8,"Riverside County, CA",,
CA3,06073,268,10733.5385338,0.005836724202912086,0.30085817,0.32645032,1.481307256722064,24.9007,33.788914,0.5056257328576982,0.1805666079491335,0.34309617040341583,3682.635965824275,1,268,267,"San Diego County, CA",,
CA4,06001,37,1767.2231395,0.0024502167153870958,0.3077484,0.3208555,1.5055826747711862,26.839663,32.80469,0.21225820842445636,0.18352570362208454,0.19789195602327045,349.7192438052399,1,37,36,"Alameda County, CA",,
CA4,06003,1,5.0624995,0.0,0.3141274,0.3141274,0.0,32.834755,32.834755,0.0,0.0,0.0,0.0,1,1,0,"Alpine County, CA",,
CA4,06005,76,4430.3611447,0.002595357016272389,0.29853743,0.3160492,0.8454289257465095,28.103865,31.963997,0.22483147185974064,0.1030550769878324,0.16394327442378653,726.3279129420332,1,76,75,"Amador County, CA",,
CA4,06007,193,10616.7734857,0.002250653081825988,0.2932468,0.304127,1.1856858351043025,29.711096,34.870834,0.1949703419837675,0.14453130393209843,0.16975082295793298,1802.2060363555377,1,193,192,"Butte County, CA",,
CA4,06009,129,8638.9809065,0.0029311637355335517,0.2978254,0.30728942,1.264946637998385,25.884043,34.18569,0.253921850747311,0.15419294182454996,0.20405739628593048,1762.8479503442575,1,129,128,"Calaveras County, CA",,
CA4,06011,143,10702.180936,0.004871589282213461,0.2970287,0.31329408,0.6644661030888008,26.661554,30.60517,0.42201769612001494,0.08099628877632362,0.25150699244816926,2691.6733398494935,1,143,142,"Colusa County, CA",,
CA4,06013,27,812.9630517,0.002517668985851385,0.30753934,0.3146627,1.8451446310670714,26.701675,32.47627,0.21810148669164017,0.22491721801498546,0.22150935235331282,180.0789190692398,1,27,26,"Contra Costa County, CA",,
CA4,06017,139,5214.7493787,0.0036614138176341376,0.29691443,0.31433928,1.3544071610357595,27.070621,32.176983,0.3171822036602143,0.16509789291886903,0.24114004828954166,1257.4849169975755,1,139,138,"El Dorado County, CA",,
CA4,06019,571,42713.9383792,0.007289000513407029,0.30010635,0.32923555,1.5347221406869287,26.14811,38.50791,0.6314340198827242,0.1870777111438044,0.4092558655132643,17480.929820859736,4,571,567,"Fresno County, CA",,
CA4,06021,151,13533.6327516,0.005502081804697038,0.29522204,0.31389436,0.5534634082421178,30.013275,32.487923,0.476636217170402,0.06746541596737536,0.2720508165688887,3681.835841216236,1,151,150,"Glenn County, CA",,
CA4,06023,81,3122.547244,0.01098865346202332,0.25546223,0.28945592,4.106989561568659,38.39715,60.186058,0.9519288160099676,0.5006288672722641,0.7262788416411159,2267.839995341979,1,81,80,"Humboldt County, CA",,
CA4,06029,222,22092.5203775,0.007874443526062194,0.30439448,0.3310606,1.1366425990535522,36.7134,40.845,0.6821499766470506,0.13855309060981386,0.41035153362843224,9065.699618624516,1,222,221,"Kern County, CA",,
CA4,06031,168,12425.2514237,0.008022753800844745,0.30094445,0.32784635,0.6051885225978187,36.2865,38.688904,0.6949978496611361,0.07377054166132338,0.3843841956612297,4776.070274387474,1,168,167,"Kings County, CA",,
CA4,06033,86,4127.0818149,0.002177886337842313,0.3010529,0.31261086,1.234946060826894,29.653334,35.141464,0.18866667969387255,0.15053596760006688,0.16960132364696973,699.958538606378,1,86,85,"Lake County, CA",,
CA4,06039,203,15566.7792113,0.001823747137586759,0.3036184,0.30958438,3.6738074070338507,25.932178,37.581547,0.15798818839673104,0.4478253507070822,0.3029067695519066,4715.282803222659,1,203,202,"Madera County, CA",,
CA4,06041,22,935.9250138,0.003346098497234248,0.2918829,0.3027651,1.7496681751958245,28.207844,34.565323,0.28986696065474393,0.21327894398544636,0.25157295232009513,235.45341887189178,1,22,21,"Marin County, CA",,
CA4,06043,115,9738.0316148,0.0028733556700763067,0.3001004,0.31144914,1.2517182631626624,26.136,38.061302,0.24891403395731737,0.1525804453205824,0.2007472396389499,1954.8829661879258,1,115,114,"Mariposa County, CA",,
CA4,06045,181,8411.7625109,0.004643502982821255,0.28794912,0.30738306,2.139841782364811,33.444782,47.50868,0.40225895846586207,0.26083985644170693,0.3315494074537845,2788.9148761308534,1,181,180,"Mendocino County, CA",,
CA4,06047,227,17109.370019,0.007586562202688647,0.30097717,0.32701465,1.7359281896807897,25.997156,36.12512,0.6572112952829097,0.21160408377905668,0.4344076895309832,7432.441899284465,1,227,226,"Merced County, CA",,
CA4,06053,299,19114.5381283,0.0071589396308031124,0.29791823,0.3283325,3.258461120818549,26.235403,40.075047,0.6201670614319695,0.39719596933746215,0.5086815153847158,9723.212220982574,1,299,298,"Monterey County, CA",,
CA4,06055,89,3680.6805168,0.003094895604961555,0.29896566,0.3117575,1.668814578069282,25.986464,33.07067,0.2681056709165749,0.20342314957994792,0.2357644102482614,867.773471355618,1,89,88,"Napa County, CA",,
CA4,06057,79,2905.5101081,0.0024126940241316315,0.29237008,0.30080158,1.4371308227139947,28.709042,34.174625,0.20900767994216635,0.17518164220085428,0.1920946610715103,558.1329794553167,1,79,78,"Nevada County, CA",,
CA4,06061,79,3101.0443904,0.0027615150235155554,0.29279566,0.3025402,2.1813661489967124,26.195515,33.712326,0.23922546432225653,0.26590154367501634,0.2525635039986364,783.2106372947394,1,79,78,"Placer County, CA",,
CA4,06063,21,1229.793165,0.0019487798980805482,0.29967785,0.30721965,1.5064317563668097,32.879635,36.790535,0.16881956897221742,0.1836292039478259,0.17622438646002164,216.71954597485316,1,21,20,"Plumas County, CA",,
CA4,06067,77,3914.7187425,0.0007142966139055548,0.29853743,0.30389616,0.8889297605332995,26.238556,30.241491,0.06187833043465946,0.10835768935590244,0.08511800989528095,333.21306866135683,1,77,76,"Sacramento County, CA",,
CA4,06069,155,10187.5136465,0.005681133116864581,0.30281135,0.32923555,1.4118407738838539,26.95888,37.369057,0.4921471352447351,0.17209886628694185,0.33212300076583845,3383.507602618509,1,155,154,"San Benito County, CA",,
CA4,06077,157,8201.271758,0.004237453050341579,0.29853743,0.31664273,2.0903403608071,25.897459,32.809914,0.36708352657130366,0.25480579177431634,0.31094465917281,2550.1416515749024,1,157,156,"San Joaquin County, CA",,
CA4,06079,327,24013.6419546,0.007418399767799274,0.30071917,0.3310606,3.4896463221965557,25.42027,43.58244,0.6426436625793374,0.4253767045842729,0.5340101835818052,12823.529348643686,2,327,325,"San Luis Obispo County, CA",,
CA4,06081,18,576.5184985,0.011543566364639032,0.27651337,0.30447847,2.7818083552358694,27.657143,36.12413,1.0,0.33909352458113656,0.6695467622905683,386.00609407129485,1,18,17,"San Mateo County, CA",,
CA4,06083,102,6645.966188,0.0061053036630501056,0.30256,0.32719505,5.0825609066034,25.280487,42.797062,0.5288923258372084,0.6195478881478561,0.5742201069925322,3816.247415542112,1,102,101,"Santa Barbara County, CA",,
CA4,06085,56,2500.3553902999997,0.005981556580662318,0.30267078,0.3208555,2.5752139255578568,26.525444,35.66367,0.5181723214227272,0.3139103256068107,0.41604132351476897,1040.2511658376986,1,56,55,"Santa Clara County, CA",,
CA4,06087,16,193.5764399,0.00494360696478174,0.2909611,0.30403802,2.1013010094015407,29.82075,36.80118,0.4282564684624072,0.2561418597160883,0.3421991640892478,66.24169592115251,1,16,15,"Santa Cruz County, CA",,
CA4,06089,10,356.0688812,0.0027116454491888575,0.29195064,0.2997781,0.12902235134029272,26.59369,26.97001,0.23490534584661268,0.015727411194009434,0.12531637852031105,44.62126269576287,1,10,9,"Shasta County, CA",,
CA4,06091,7,305.999999,0.001479994536379873,0.29289022,0.2968588,0.25507957525540154,32.76628,33.564278,0.1282094709407557,0.031093382856231803,0.07965142689849375,24.37333655128766,1,7,6,"Sierra County, CA",,
CA4,06095,88,4378.7752055,0.00205610946461785,0.30388823,0.31229255,1.0767293286228934,25.954456,32.35413,0.17811735123005415,0.13124985492814797,0.15468360307910106,677.3247258601712,1,88,87,"Solano County, CA",,
CA4,06097,136,4949.9535951,0.0035835784356309072,0.2897507,0.30479905,3.8270100751971228,26.762745,39.58148,0.3104394536690452,0.4665002650393146,0.3884698593541799,1922.907776898214,1,136,135,"Sonoma County, CA",,
CA4,06099,191,12538.6977056,0.005056693734579972,0.29866695,0.32056502,2.7293137003821824,25.933645,34.50422,0.43805298768584633,0.33269459436637067,0.38537379102610847,4832.08546933744,1,191,190,"Stanislaus County, CA",,
CA4,06101,72,6033.735837,0.0016498390618617247,0.29851213,0.30400053,0.9190081767648753,26.56451,29.817087,0.14292282036127188,0.11202415191238531,0.1274734861368286,769.1413415711054,1,72,71,"Sutter County, CA",,
CA4,06103,190,13977.0614978,0.0035483888253459253,0.29622927,0.30997476,1.3598202726430868,26.795378,36.39051,0.30739103611996116,0.16575773387823087,0.236574384999096,3306.614727936578,1,190,189,"Tehama County, CA",,
CA4,06105,11,684.870951,0.0022247908150120213,0.29104164,0.29757968,2.6975209439166963,40.186157,46.615124,0.19272993672277386,0.32881915922874155,0.2607745479757577,178.5969126687523,1,11,10,"Trinity County, CA",,
CA4,06107,243,14325.8418395,0.0031734466947251675,0.30010635,0.31093195,0.6631720354728088,37.152096,39.750824,0.27491042148345646,0.0808385460805958,0.17787448378202614,2548.2017219440145,1,243,242,"Tulare County, CA",,
CA4,06109,100,5360.3487567,0.0020666627739833413,0.2999049,0.30728942,1.4408466057734595,26.007124,37.69606,0.17903156690934535,0.17563458424908748,0.1773330755792164,950.5671312028398,1,100,99,"Tuolumne County, CA",,
CA4,06113,95,6672.082393,0.0027168574362030754,0.30274448,0.3123381,0.4489599888482897,26.836811,29.48415,0.2353568516334364,0.054726784010096174,0.14504181782176628,967.7309589373203,1,95,94,"Yolo County, CA",,
CA4,06115,78,4038.0044235,0.002103978208685884,0.293695,0.30080158,1.5957794047601248,28.179958,33.888405,0.1822641411003553,0.19452039598472537,0.18839226854254032,760.7288137279777,1,78,77,"Yuba County, CA",,
CO1,08001,178,19019.211944,0.0027469781621230222,0.28204226,0.29494825,1.20354789291312,25.405018,30.971691,0.2379661601407461,0.14670863154248673,0.1923373958416164,3658.1056962687267,1,178,177,"Adams County, CO",,
CO1,08005,109,11148.5814133,0.0023119464103175578,0.28706646,0.29526424,1.3541417181093431,25.46719,30.842428,0.20028008132734917,0.1650655362767142,0.18267280880203168,2036.542680925635,1,109,108,"Arapahoe County, CO",,
CO1,08013,61,1791.9803096,0.0035558018057218455,0.27498648,0.29034948,1.3278229899744152,26.036306,31.508055,0.30803321030961434,0.1618573676518095,0.23494528898071193,421.0173316867176,1,61,60,"Boulder County, CO",,
CO1,08014,2,42.037322,0.0,0.28155762,0.28155762,0.06315453505489273,26.133865,26.223179,0.0,0.007698335453173486,0.003849167726586743,0.16180870315453488,1,2,1,"Broomfield County, CO",,
CO1,08015,1,51.648308,0.0,0.30338356,0.30338356,0.0,33.157993,33.157993,0.0,0.0,0.0,0.0,1,1,0,"Chaffee County, CO",,
CO1,08019,4,104.4308063,0.00480874910099204,0.28052902,0.2916761,0.6275449530943963,29.190052,30.495586,0.41657395549112947,0.07649571890075076,0.2465348371959401,25.745831829411255,1,4,3,"Clear Creek County, CO",,
CO1,08029,2,51.75,0.0,0.3005407,0.3005407,0.21751311696079165,40.950035,41.257645,0.0,0.026514151966665567,0.013257075983332783,0.6860536821374715,1,2,1,"Delta County, CO",,
CO1,08031,3,211.806147,0.0005735051163968042,0.28568676,0.2866801,0.7089332545679701,25.79808,27.138607,0.04968179661994239,0.08641669205276582,0.0680492443363541,14.413248249144736,1,3,2,"Denver County, CO",,
CO1,08035,67,2716.3969544,0.0029319756894926083,0.28084174,0.2913977,0.9173040049006765,25.521824,28.815662,0.2539921889715139,0.11181641882292373,0.1829043038972188,496.8406940530572,1,67,66,"Douglas County, CO",,
CO1,08037,67,4109.04865,0.003679449790718932,0.28064474,0.30561242,3.633450697111243,25.038374,40.537804,0.3187446300815709,0.4429059970850404,0.3808253135833056,1564.8297406653085,1,67,66,"Eagle County, CO",,
CO1,08039,136,14516.0468625,0.0031956000320076824,0.28786293,0.3000893,0.6929146346757338,25.903063,29.186846,0.2768295283333444,0.0844640736173656,0.18064680097535502,2622.277428518964,1,136,135,"Elbert County, CO",,
CO1,08045,34,1972.2259549999999,0.004400860406966255,0.2893928,0.30561242,3.440239954583578,24.51355,40.5722,0.38123923473487736,0.41935422668815797,0.40029673071151767,789.4756020109007,1,34,33,"Garfield County, CO",,
CO1,08047,11,170.7742409,0.002890099427317668,0.27920744,0.2862866,0.6313058030109432,28.29846,30.090517,0.25036451786432307,0.07695415445445174,0.1636593361593874,27.948798898817305,1,11,10,"Gilpin County, CO",,
CO1,08049,105,7330.869135,0.003152901163579861,0.28283137,0.29608822,1.0287983510601881,31.320507,37.871952,0.27313059621141206,0.1254072223514768,0.19926890928144442,1460.814296616456,1,105,104,"Grand County, CO",,
CO1,08051,1,22.5,0.0,0.29943952,0.29943952,0.0,40.402832,40.402832,0.0,0.0,0.0,0.0,1,1,0,"Gunnison County, CO",,
CO1,08059,47,808.8230975,0.002385643603725791,0.27895147,0.28704217,1.1793415819921809,26.206575,31.5318,0.2066643469070046,0.14375795980701697,0.1752111533570108,141.71482777476498,1,47,46,"Jefferson County, CO",,
CO1,08065,9,436.049399,0.0023163597375216133,0.29519466,0.30339286,0.2977792967339407,32.769913,33.606598,0.20066240054002982,0.03629834207908345,0.11848037130955663,51.66329470282901,1,9,8,"Lake County, CO",,
CO1,08069,44,1321.9850692,0.0019300154912003937,0.2774258,0.28679562,1.0977677882439634,25.984379,31.290764,0.16719403953985457,0.1338143757411073,0.15050420764048095,198.96431535249238,1,44,43,"Larimer County, CO",,
CO1,08075,44,5502.247624,0.0019390905330980944,0.2881601,0.2939324,0.4615516537635391,29.680105,31.464167,0.16798019536129116,0.056261667615007394,0.11212093148814928,616.9171288813361,1,44,43,"Logan County, CO",,
CO1,08077,24,1096.1222163,0.004412708871039196,0.2890522,0.30538067,8.2036610951863,24.375786,42.098698,0.3822656475174327,1.0,0.6911328237587163,757.5660425360815,1,24,23,"Mesa County, CO",,
CO1,08081,368,43213.205432,0.00285772859695063,0.2861118,0.29781902,1.5241121611363926,25.137217,41.956863,0.24756028654234633,0.18578438863481367,0.21667233758858,9363.106235646965,1,368,367,"Moffat County, CO",,
CO1,08087,233,24802.7647665,0.0016640172567928694,0.2874256,0.29423732,0.5421312330081784,27.230263,29.709187,0.1441510538623653,0.06608406011875445,0.10511755699055987,2607.2060388660143,1,233,232,"Morgan County, CO",,
CO1,08093,71,4744.7377851,0.006439138445188756,0.28049138,0.30768606,1.0812016807482314,26.301752,32.144764,0.5578118790838786,0.13179502032118967,0.3448034497025342,1636.0019562364414,1,71,70,"Park County, CO",,
CO1,08095,4,573.2994,0.000331715000000004,0.29098105,0.29164448,0.19694069463060096,31.544434,32.002346,0.028735920037340795,0.02400643960611205,0.026371179821726425,15.118581569087866,1,4,3,"Phillips County, CO",,
CO1,08097,24,1077.4319686000001,0.0026668863707396614,0.2893928,0.3000505,0.7349004426895537,36.081127,39.214264,0.23102794114902245,0.08958200907650544,0.16030497511276395,172.7177049121193,1,24,23,"Pitkin County, CO",,
CO1,08103,12,888.630363,0.0026624188116191397,0.2858926,0.2937236,1.3772641749870056,36.54906,40.115597,0.23064092391540503,0.16788408967736967,0.19926250679638735,177.07071374676366,1,12,11,"Rio Blanco County, CO",,
CO1,08107,176,13893.5835205,0.004089329649319367,0.28469223,0.3008279,1.9302272489874925,25.566332,43.349823,0.35425184212099786,0.23528851650394247,0.2947701793124702,4095.4141056305657,1,176,175,"Routt County, CO",,
CO1,08117,12,477.857075,0.002446937985900417,0.2858219,0.29621676,4.104962197360308,25.469276,36.51592,0.21197417752940106,0.5003817380716757,0.3561779578005384,170.2021570940387,1,12,11,"Summit County, CO",,
CO1,08121,352,47810.947558,0.0016730003977000877,0.28921762,0.2987177,0.7210627494564312,28.719442,31.771103,0.14492924845348715,0.0878952386123718,0.11641224353292948,5565.779670662016,1,352,351,"Washington County, CO",,
CO1,08123,316,25434.1601081,0.0029562150235826327,0.28008592,0.29065567,0.6831468439420888,25.684828,29.146152,0.25609200226355466,0.0832734112264757,0.16968270674501518,4315.737130928496,1,316,315,"Weld County, CO",,
CO1,08125,275,36611.7940866,0.0013866071375108647,0.29069164,0.29766706,0.6918834049708089,30.665052,33.987762,0.12011947553387015,0.08433837002076897,0.10222892277731956,3742.784270418156,1,275,274,"Yuma County, CO",,
CO1,56007,34,4415.9803329999995,0.0010753686168574893,0.2907527,0.2939828,0.2824085244307663,40.80468,42.037315,0.09315739892583154,0.03442469418885142,0.06379104655734148,281.7000070187073,1,34,33,"Carbon County, WY",,
CO1,56037,39,5375.272776,0.001510178411571106,0.29245102,0.29687372,0.4427535595688893,40.455486,42.56126,0.13082424996465375,0.05397024016858593,0.09239724506661984,496.6603959840019,1,39,38,"Sweetwater County, WY",,
CO2,08003,76,6880.485277,0.0028743770190431815,0.2955946,0.31445253,0.6160023893840699,31.339643,34.455883,0.24900251172359966,0.0750887173710192,0.16204561454730942,1114.9524650951794,1,76,75,"Alamosa County, CO",,
CO2,08005,11,1346.188024,0.0013363213807797492,0.2931539,0.29808494,0.2750450587231451,29.66897,30.506142,0.11576330386710053,0.033527111314305094,0.07464520759070281,100.48648450759802,1,11,10,"Arapahoe County, CO",,
CO2,08011,117,14896.263953,0.0012587240075670975,0.30173993,0.30663478,0.34795446611272357,28.880737,30.350218,0.10904117218253268,0.04241453444693058,0.07572785331473163,1128.0620915703082,1,117,116,"Bent County, CO",,
CO2,08015,48,3253.818114,0.0032255121881875,0.296362,0.31244868,0.816465211726573,31.47026,35.16578,0.2794207687901452,0.09952449305903849,0.18947263092459185,616.5094786096736,1,48,47,"Chaffee County, CO",,
CO2,08017,69,7737.065047,0.0006635737711518946,0.30385393,0.30613208,0.26000401881262225,29.35263,30.274582,0.05748429473101094,0.0316936567461552,0.04458897573858307,344.9878056685221,1,69,68,"Cheyenne County, CO",,
CO2,08021,133,10786.333996,0.0017580819868464118,0.30878806,0.3152472,0.7384720332358483,32.033546,35.563396,0.15229972534587555,0.09001737451942828,0.1211585499326519,1306.8565860446267,1,133,132,"Conejos County, CO",,
CO2,08023,148,16398.375055,0.0040806606999318545,0.29945815,0.31445253,0.8047625389303422,29.79517,33.63293,0.353500865419892,0.09809797474478273,0.22579942008233736,3702.743577711667,1,148,147,"Costilla County, CO",,
CO2,08025,140,17619.174729,0.001120277015599197,0.30162695,0.30703336,0.49723698831994323,26.632307,28.52209,0.09704773899259583,0.06061159554868853,0.07882966727064218,1388.913681470377,1,140,139,"Crowley County, CO",,
CO2,08027,82,8088.805314,0.004849716680296245,0.291449,0.3121492,0.3934467872640812,27.472866,29.725021,0.4201229089090004,0.04795990262139739,0.23404140576519888,1893.1153666495711,1,82,81,"Custer County, CO",,
CO2,08029,121,7619.829797,0.006833779009387437,0.2905807,0.3141364,1.9453864066116386,25.6028,40.892193,0.5919989363357491,0.23713636924289108,0.41456765278932006,3158.934953596411,1,121,120,"Delta County, CO",,
CO2,08033,1,126.94604,0.0,0.30181864,0.30181864,0.0,43.33897,43.33897,0.0,0.0,0.0,0.0,1,1,0,"Dolores County, CO",,
CO2,08035,15,1095.263039,0.001416157655081426,0.2876185,0.29206532,0.4105542029876674,27.145931,28.585152,0.12267938783801581,0.05004524177974273,0.08636231480887926,94.5894513726478,1,15,14,"Douglas County, CO",,
CO2,08039,175,22327.110495,0.0028865139672589442,0.2956446,0.3067408,0.8774480397925656,26.600082,29.943045,0.25005391540876765,0.10695810438920128,0.17850600989898446,3985.52340703619,1,175,174,"Elbert County, CO",,
CO2,08041,261,25980.547827,0.003780237614464477,0.29045874,0.3075221,0.7473121849507707,24.227959,27.692406,0.32747571201603126,0.09109496068642749,0.20928533635122937,5437.347690562896,1,261,260,"El Paso County, CO",,
CO2,08043,175,13724.148932,0.003419355062051461,0.291449,0.30776227,1.765974939100024,24.155378,31.847538,0.2962130553106916,0.21526668625258705,0.2557398707816393,3509.8120744576527,1,175,174,"Fremont County, CO",,
CO2,08045,12,561.602374,0.0048557630401641705,0.29535827,0.30819827,0.6279441309868331,41.56159,43.474636,0.420646695031671,0.07654437740672818,0.2485955362191996,139.6118433065055,1,12,11,"Garfield County, CO",,
CO2,08051,159,9816.3234534,0.004807415585409878,0.29085472,0.31029162,1.8390122586231306,33.977253,42.218334,0.41645843524894105,0.22416970146441278,0.3203140683566769,3144.3065016636183,1,159,158,"Gunnison County, CO",,
CO2,08053,2,29.2500005,0.0,0.31015533,0.31015533,0.13266101032518463,39.163696,39.351307,0.0,0.016170952064685697,0.008085476032342848,0.23650017798876632,1,2,1,"Hinsdale County, CO",,
CO2,08055,235,25648.105267,0.005541889204574093,0.29048914,0.3121492,1.0388564312730268,27.916634,32.504707,0.4800846661695775,0.12663327009968775,0.30335896813463264,7780.582748405556,1,235,234,"Huerfano County, CO",,
CO2,08061,109,14121.804844,0.0008673959532410904,0.30385393,0.30703336,0.4756819536521392,28.099594,30.050905,0.07514107216450468,0.05798410589282599,0.06656258902866533,939.9838921741873,1,109,108,"Kiowa County, CO",,
CO2,08063,21,2982.57906,0.000726540373898651,0.30366212,0.30512217,0.30281368564018124,29.504267,30.447367,0.06293898704686574,0.03691201795474762,0.04992550250080668,148.90675831888362,1,21,20,"Kit Carson County, CO",,
CO2,08065,11,502.87952199999995,0.0025693199829059793,0.30174136,0.30881074,0.403158963120526,34.02601,35.209354,0.2225759268622979,0.04914378573696681,0.13585985629963235,68.3211395949478,1,11,10,"Lake County, CO",,
CO2,08071,482,52958.054274,0.0030589560444569896,0.29364562,0.3096947,1.0950230119595623,28.165207,33.493305,0.2649922864243561,0.13347979630729676,0.19923604136582646,10551.153091988346,2,482,480,"Las Animas County, CO",,
CO2,08073,389,50444.858497,0.003066874785213772,0.29589745,0.30770302,0.871598226864466,26.707077,30.531761,0.2656782737965983,0.10624503093818657,0.18596165236739243,9380.809239541417,1,389,388,"Lincoln County, CO",,
CO2,08077,245,18510.021182,0.004811706524284883,0.28532168,0.30775484,1.3182087325965932,38.432655,45.093803,0.4168301521637542,0.1606854204850179,0.28875778632438603,5344.912741331816,1,245,244,"Mesa County, CO",,
CO2,08079,9,260.5524,0.0011032398624279262,0.30713275,0.31054816,1.2810971477332522,38.79965,43.06731,0.09557183868301211,0.15616163720914403,0.12586673794607806,32.7948806520217,1,9,8,"Mineral County, CO",,
CO2,08083,4,139.50000599999998,0.0012597960726244569,0.30104667,0.3037,0.5306492676168026,43.077766,44.314114,0.10913404339958076,0.064684445329924,0.08690924436475238,12.123840110338422,1,4,3,"Montezuma County, CO",,
CO2,08085,198,16013.0159723,0.003972372672842359,0.28542668,0.3032506,3.187852396650255,24.84852,46.183506,0.3441200533147864,0.3885889921172885,0.3663545227160374,5866.44082377625,1,198,197,"Montrose County, CO",,
CO2,08089,204,19066.747259,0.0008928487309949608,0.30050886,0.30517772,0.858294714677846,27.48964,30.853373,0.07734600406768487,0.10462337543191193,0.0909846897497984,1734.782083897934,1,204,203,"Otero County, CO",,
CO2,08091,59,4819.775669,0.0034699157096172895,0.28542668,0.29721573,0.7687038101065733,37.673332,40.251038,0.30059304031434775,0.09370253124640036,0.19714778578037406,950.208101101471,1,59,58,"Ouray County, CO",,
CO2,08093,145,14033.466612,0.0026627917851681773,0.29462895,0.30768606,1.0200143262561994,28.703642,32.732613,0.23067323399508544,0.12433647787506945,0.17750485593507745,2491.0084692327796,1,145,144,"Park County, CO",,
CO2,08101,363,39734.476162,0.0019973947035313248,0.29478157,0.30554906,0.9212538297697759,24.208868,28.727367,0.17303098890217047,0.11229788981779662,0.14266443935998355,5668.696764914361,1,363,362,"Pueblo County, CO",,
CO2,08105,86,6913.163816,0.002940870248920553,0.30272323,0.3152472,1.0964405377509256,32.78114,38.18836,0.2547627098960689,0.13365258815899758,0.19420764902753324,1342.5892920475703,1,86,85,"Rio Grande County, CO",,
CO2,08109,94,7423.8503709999995,0.0038191358172665465,0.296362,0.31886694,1.6918088419981294,32.44799,38.97793,0.3308453987812259,0.20622607667091952,0.2685357377260727,1993.5691361444633,1,94,93,"Saguache County, CO",,
CO2,08113,130,11180.02665,0.004584042680414078,0.28857788,0.3066946,1.1310904381281448,38.92185,43.510574,0.3971080111304425,0.13787629998414244,0.26749215555729244,2990.569427796475,1,130,129,"San Miguel County, CO",,
CO2,08119,51,1978.3985235,0.005712643666598463,0.2894029,0.30776227,0.7927304356135291,26.685051,29.853529,0.4948768418829199,0.09663129990568274,0.29575407089430134,585.1194171764001,1,51,50,"Teller County, CO",,
CO2,08121,16,2275.63146,0.0007829323558903437,0.29526424,0.29766804,0.1693678464130684,30.209305,30.84505,0.06782413087593715,0.020645397761793104,0.044234764318865125,100.66202130969495,1,16,15,"Washington County, CO",,
CO2,35007,484,54827.416354,0.0038003564746168727,0.29475027,0.31457564,1.4141637729009804,29.121323,34.908215,0.3292185754879324,0.17238203242339883,0.2508003039556656,13750.732686687032,3,484,481,"Colfax County, NM",,
CO2,35021,168,19832.895418,0.001335208355690274,0.30815443,0.31380096,0.7213843132426575,29.677656,32.80222,0.11566688435043497,0.08793443620750588,0.10180066027897042,2019.001848796167,1,168,167,"Harding County, NM",,
CO2,35033,84,10033.920206,0.0011532715578175758,0.30651784,0.3132786,0.36227838304377297,30.666872,32.67633,0.09990600143733297,0.04416057402180457,0.07203328772956877,722.776261254332,1,84,83,"Mora County, NM",,
CO2,35039,3,72.00000399999999,0.0010113560135448622,0.31279686,0.31454858,0.044572540765963724,33.608414,33.688084,0.08761209331657767,0.005433249892796981,0.04652267160468732,3.349632541628173,1,3,2,"Rio Arriba County, NM",,
CO2,35047,47,4884.504301,0.0007902284042872528,0.30969343,0.31220397,0.37660413645842883,31.377165,32.871082,0.06845617544227314,0.04590683745814543,0.057181506450209287,279.3033141937065,1,47,46,"San Miguel County, NM",,
CO2,35055,42,3698.69961,0.00317663255406884,0.2989625,0.31128398,0.7275619362702178,32.83006,35.72578,0.27518640719212195,0.08868746865922249,0.18193693792567223,672.9300813502781,1,42,41,"Taos County, NM",,
CO2,35059,52,7081.525894,0.0034500874587230774,0.3006442,0.31385294,0.6532381883784305,29.18739,31.7423,0.2988753518402769,0.07962764195143728,0.1892514968958571,1340.1893757462728,1,52,51,"Union County, NM",,
ID1,16001,87,6232.2509071,0.003934775457442189,0.27555496,0.28635943,0.4527544841055516,25.789528,27.829556,0.34086306892949797,0.055189320823018445,0.19802619487625822,1234.1489326471217,1,87,86,"Ada County, ID",,
ID1,16013,59,5044.5401587,0.002140074960075871,0.29035765,0.29933304,0.43998989911205766,31.173445,33.047695,0.18539114277815225,0.053633358814667825,0.11951225079641004,602.8843485991165,1,59,58,"Blaine County, ID",,
ID1,16015,48,2627.7003665,0.003422687337143064,0.2725668,0.28530183,1.2232467115000907,27.317144,31.766914,0.29650172477265363,0.1491098544060847,0.22280578958936917,585.4668549623073,1,48,47,"Boise County, ID",,
ID1,16025,76,9350.673022,0.001756560629966344,0.29188275,0.30002975,0.6023404199666859,29.234097,31.874722,0.15216793272373338,0.07342336707694129,0.11279564990033733,1054.7152405220413,1,76,75,"Camas County, ID",,
ID1,16027,69,2992.7418323,0.0020568585536783015,0.27370316,0.2812757,0.5401027833074994,27.198132,29.09663,0.1781822435724022,0.06583679860012964,0.12200952108626592,365.14299769375697,1,69,68,"Canyon County, ID",,
ID1,16039,278,25867.9921586,0.004413216878674505,0.2803461,0.2980118,1.1304724411943832,25.327843,31.254902,0.3823096553759455,0.13780096813820303,0.2600553117570743,6727.108765334276,1,278,277,"Elmore County, ID",,
ID1,16045,18,1247.8162790000001,0.0015999427311045858,0.2758377,0.28157428,0.5633598230055891,27.598297,29.46221,0.1386003840204557,0.06867175721534308,0.1036360706178994,129.31877600860847,1,18,17,"Gem County, ID",,
ID1,16047,121,12391.9263351,0.005933689798558889,0.2766717,0.2970704,0.8799145887952686,29.568586,33.13876,0.5140257015141643,0.10725876880891388,0.3106422351615391,3849.455694692604,1,121,120,"Gooding County, ID",,
ID1,16053,59,5742.940018,0.0025538700279659735,0.2766659,0.28863347,0.5138930021113065,32.647156,34.73377,0.2212375229018604,0.06264191025795128,0.14193971657990584,815.1512784903193,1,59,58,"Jerome County, ID",,
ID1,16063,115,13443.252685,0.0029386959014886093,0.28382868,0.29441208,0.5031484949760225,31.370338,33.43858,0.254574349785921,0.06133218926745491,0.15795326952668795,2123.405714669176,1,115,114,"Lincoln County, ID",,
ID1,16073,966,111092.781111,0.0037660388223589333,0.27510494,0.2936891,3.642798428613941,27.590698,45.306656,0.32624569421589644,0.44404545560169995,0.3851455749087982,42786.89304921337,14,966,952,"Owyhee County, ID",,
ID1,16083,140,13554.104312,0.002816538433521331,0.2766659,0.28901535,0.9450418241057,31.078062,35.239243,0.24399205103105104,0.115197570101991,0.17959481056652102,2434.2467963125055,1,140,139,"Twin Falls County, ID",,
ID1,32007,1464,131287.1025187,0.0038236106076572404,0.2815584,0.30581483,1.7569025327274554,31.445559,42.29166,0.3312330424477795,0.21416078898704888,0.27269691571741417,35801.58793032545,11,1464,1453,"Elko County, NV",,
ID1,32013,581,64540.9955082,0.003831659927058442,0.2952149,0.31418532,1.8312346303994012,35.135414,43.125507,0.3319303416313194,0.22322163350627966,0.27757598756879953,17915.03056686207,4,581,577,"Humboldt County, NV",,
ID1,32027,71,8095.760485,0.0016642511743943087,0.30295792,0.30953428,0.838931466898362,34.34518,37.329376,0.14417131775603995,0.10226305757445607,0.123217187665248,997.5368389731442,1,71,70,"Pershing County, NV",,
ID1,32033,1,60.74699,0.0,0.2954229,0.2954229,0.0,38.657272,38.657272,0.0,0.0,0.0,0.0,1,1,0,"White Pine County, NV",,
ID1,41023,1,43.118645,0.0,0.28241208,0.28241208,0.0,40.31043,40.31043,0.0,0.0,0.0,0.0,1,1,0,"Grant County, OR",,
ID1,41025,302,37213.503584,0.002805988358353969,0.28691533,0.3061779,3.3387543945438107,32.69583,43.814934,0.2430781155249773,0.40698346211582376,0.32503078882040054,12095.534424678322,2,302,300,"Harney County, OR",,
ID1,41037,47,6292.41011,0.0008890861625200907,0.2952122,0.2990889,1.2563148128140271,33.147957,39.35458,0.0770200590039136,0.15314074999407287,0.11508040449899323,724.1331007323545,1,47,46,"Lake County, OR",,
ID1,41045,424,48482.893119,0.0037067814487016146,0.28277183,0.30258584,3.253102901062891,28.900867,44.730553,0.32111232626135866,0.39654281951892545,0.35882757289014205,17396.99886458294,4,424,420,"Malheur County, OR",,
ID1,49003,73,4669.389054,0.002931019511210596,0.28620535,0.29535022,1.7952389579629635,33.89433,39.245773,0.2539093568335239,0.21883387637945748,0.2363716166064907,1103.7110392586324,1,73,72,"Box Elder County, UT",,
ID1,49045,37,2905.796711,0.0023740128627334806,0.28241342,0.29304913,0.6687548605156041,37.898716,40.638546,0.20565679511365775,0.08151907456391787,0.14358793483878782,417.2373487938319,1,37,36,"Tooele County, UT",,
ID2,16009,23,1690.0510196,0.0022671345560738676,0.24396995,0.2523826,1.0392390397149724,32.807976,36.46943,0.19639810475025246,0.1266799088427448,0.16153900679649863,273.00916314159383,1,23,22,"Benewah County, ID",,
ID2,16017,143,8044.2683375999995,0.002183618686193463,0.23932971,0.25143367,2.183551132887375,31.302399,39.534454,0.1891632635198823,0.26616788620980786,0.22766557486484507,1831.4029754467754,1,143,142,"Bonner County, ID",,
ID2,16021,66,3632.260721,0.002835511356817355,0.24018285,0.25143367,1.0929269021221006,36.153816,40.724365,0.24563564389453063,0.13322428723480573,0.18942996556466818,688.0590233009268,1,66,65,"Boundary County, ID",,
ID2,16035,130,11639.1651706,0.001916586157679461,0.24724321,0.25945908,0.9842839799492215,38.082493,42.24972,0.1660306786601467,0.11998106315322732,0.143005870906687,1664.4689518484313,1,130,129,"Clearwater County, ID",,
ID2,16049,96,8802.682711,0.004847123313013566,0.2502581,0.26553074,2.269302372337314,39.242294,46.840645,0.4198982498044603,0.27662068752070745,0.34825946866258384,3065.617603738173,1,96,95,"Idaho County, ID",,
ID2,16055,94,3727.4203295,0.002621895472709884,0.24172531,0.25106043,1.3838879945578149,29.986233,35.85566,0.22713045430582327,0.16869151205793292,0.1979109831818781,737.6974221434651,1,94,93,"Kootenai County, ID",,
ID2,16057,124,12869.2034905,0.002076029141522835,0.25239867,0.2600553,1.7878925910427514,28.427975,38.475216,0.17984295978773565,0.2179383777923056,0.19889066879002062,2559.564489020413,1,124,123,"Latah County, ID",,
ID2,16061,77,7828.557478,0.004295207851145356,0.25411624,0.2680021,0.9665641604351315,38.49362,42.152775,0.37208672913274904,0.11782107393518325,0.24495390153396615,1917.6356976190064,1,77,76,"Lewis County, ID",,
ID2,16069,102,8574.862689,0.0032796774340258157,0.25041023,0.26653114,2.3030885787985724,28.661419,41.057793,0.28411301416105916,0.280739117825085,0.2824260659930721,2421.7647356850453,1,102,101,"Nez Perce County, ID",,
ID2,16079,8,237.4076834,0.0017692944746943472,0.23975179,0.2447758,0.8931202631935896,34.75015,37.282772,0.15327104456333007,0.10886849820230261,0.13106977138281634,31.11697078776204,1,8,7,"Shoshone County, ID",,
ID2,30053,25,1083.6913076,0.0021205083764868652,0.2413473,0.25221455,1.2373912225594605,39.405437,44.15335,0.18369612210854852,0.15083402498008242,0.16726507354431547,181.26370626504942,1,25,24,"Lincoln County, MT",,
ID2,30061,4,95.109164,0.0,0.24501349,0.24501349,0.235112609941846,39.987556,40.464165,0.0,0.02865947376590241,0.014329736882951204,1.362889295277455,1,4,3,"Mineral County, MT",,
ID2,30089,34,1777.6042185,0.001323660885004003,0.24194865,0.24670164,0.4890206923137474,39.56385,41.24546,0.11466654612553041,0.059610055393523306,0.08713830075952686,154.8974110230567,1,34,33,"Sanders County, MT",,
ID2,41063,7,662.191882,0.0027707624970239224,0.2680851,0.27384534,0.581380677100927,43.555153,44.976074,0.24002655760801045,0.07086844158421737,0.15544749959611392,102.93607230974492,1,7,6,"Wallowa County, OR",,
ID2,53003,5,297.31780000000003,0.0034045749501560416,0.25612897,0.26295257,0.8062889095942614,37.76398,39.770454,0.29493267874174023,0.09828403443766968,0.19660835658970496,58.45516404286659,1,5,4,"Asotin County, WA",,
ID2,53023,11,840.799166,0.0011383620199814988,0.2613479,0.26459342,0.28093377494491356,37.275955,38.062157,0.09861441291389808,0.034244926952157785,0.06642966993302793,55.85401107734516,1,11,10,"Garfield County, WA",,
ID2,53051,57,3370.06159,0.0009012837189273297,0.24328622,0.24674825,1.58016885693521,32.62334,37.921074,0.07807671307614238,0.19261752022672082,0.1353471166514316,456.128119144239,1,57,56,"Pend Oreille County, WA",,
ID2,53063,9,556.85553,0.0021949256384841426,0.24464814,0.25180238,0.900727320972475,30.671515,32.879368,0.19014276603526747,0.10979577416977877,0.14996927010252312,83.51121738665367,1,9,8,"Spokane County, WA",,
ID2,53065,6,422.7482,0.0009542599665447517,0.2439223,0.24625975,0.41625792345824103,36.702698,37.91188,0.08266595750407776,0.0507405070283182,0.06670323226619798,28.19867137471712,1,6,5,"Stevens County, WA",,
ID2,53075,14,1665.562247,0.0023966689087708114,0.2523826,0.2627569,1.1097701183294226,33.176964,36.70023,0.20761945078883387,0.13527742131870946,0.17144843605377166,285.5580423983558,1,14,13,"Whitman County, WA",,
ID3,16005,135,11403.9786148,0.001951613749957268,0.27822295,0.2898054,1.1870013507113872,28.248127,32.785698,0.16906506085810466,0.1446916610692133,0.15687836096365898,1789.0374735544422,1,135,134,"Bannock County, ID",,
ID3,16007,106,8392.081452,0.0029976133250497632,0.27777869,0.29035285,0.767989483653484,30.386599,33.391644,0.25967826842770514,0.09361545714072961,0.17664686278421737,1482.4348607254199,1,106,105,"Bear Lake County, ID",,
ID3,16011,343,38253.3954965,0.004922035296667471,0.27555546,0.29345655,0.7628255880745561,26.449377,29.873629,0.4263877506474043,0.09298599481665117,0.25968687273202773,9933.904647867519,1,343,342,"Bingham County, ID",,
ID3,16013,150,14902.050421,0.004359188142375694,0.28363153,0.30271944,1.201233155571043,28.418882,32.681885,0.3776292355999294,0.14642647247774485,0.2620278540388371,3904.752292593179,1,150,149,"Blaine County, ID",,
ID3,16019,167,15382.2004849,0.0037516270137765905,0.27302524,0.2890539,1.2779007951717993,26.073694,33.598785,0.32499722315183344,0.1557720120741749,0.24038461761300417,3697.6443816092537,1,167,166,"Bonneville County, ID",,
ID3,16023,277,30966.098904,0.003120319952503141,0.28699848,0.30322435,0.6653673102784031,27.173805,30.554247,0.2703081399576389,0.0811061430449417,0.1757071415012903,5440.964721868078,1,277,276,"Butte County, ID",,
ID3,16029,215,18687.340069,0.002095408764592673,0.27574366,0.2878597,0.9753046069685398,28.21386,33.641205,0.18152178437778632,0.11888650636004744,0.15020414536891688,2806.9159442824616,1,215,214,"Caribou County, ID",,
ID3,16031,338,37449.0830735,0.003905401709234727,0.27596965,0.29142672,0.9059842614750886,31.454054,35.835976,0.33831846986196534,0.11043657837190485,0.2243775241169351,8402.732540481351,1,338,337,"Cassia County, ID",,
ID3,16033,214,24840.579205,0.005383124835084504,0.27176356,0.29539883,0.8541066149627408,27.947048,32.266006,0.4663311722774363,0.10411285949682987,0.2852220158871331,7085.080076654097,1,214,213,"Clark County, ID",,
ID3,16037,186,16311.469991,0.0048864973655723155,0.2795683,0.3020289,1.424771713288897,28.872562,34.234207,0.42330915864450147,0.1736751063650005,0.298492132504751,4868.845461900842,1,186,185,"Custer County, ID",,
ID3,16041,84,6666.119803,0.001741543655427245,0.2784521,0.2856413,0.8314235904613406,31.362274,34.41983,0.15086703713698474,0.10134787149474019,0.12610745431586246,840.6473985208885,1,84,83,"Franklin County, ID",,
ID3,16043,173,16490.1924446,0.0036562240710807012,0.26743203,0.28145564,1.1610166790809817,28.286167,34.732307,0.3167326245276047,0.14152421286177178,0.22912841869468825,3778.371718802294,1,173,172,"Fremont County, ID",,
ID3,16051,181,20152.3290264,0.004210670052195405,0.27402133,0.29161334,0.7194473002636584,26.471668,30.297947,0.36476335988276465,0.08769832053225746,0.22623084020751105,4559.078327780685,1,181,180,"Jefferson County, ID",,
ID3,16053,48,5528.001523,0.002535466488943213,0.2766659,0.28355965,0.45295177692277266,32.918266,34.704113,0.21964325485319777,0.05521337018524001,0.1374283125192189,759.7039209095619,1,48,47,"Jerome County, ID",,
ID3,16059,175,17676.9315147,0.006002677785210054,0.27489468,0.29820278,3.2965253959564116,29.016489,40.715508,0.5200020163264126,0.4018358825050353,0.460918949415724,8147.632702649227,1,175,174,"Lemhi County, ID",,
ID3,16063,79,9293.331015,0.003548825702037781,0.28117117,0.29466042,0.760981856456738,31.008253,33.986496,0.3074288820228698,0.09276124984042342,0.2000950659316466,1859.5496821710412,1,79,78,"Lincoln County, ID",,
ID3,16065,70,6084.8672072,0.00165035531196316,0.27070975,0.2765995,0.865307002810512,27.961287,31.80975,0.1429675422509486,0.10547815088537144,0.12422284656816002,755.8795254676339,1,70,69,"Madison County, ID",,
ID3,16067,115,11875.1615729,0.005202983802441192,0.27689818,0.29328743,0.8246012423558252,30.026276,33.72586,0.4507258535264539,0.10051624912195364,0.2756210513242038,3273.0445173674834,1,115,114,"Minidoka County, ID",,
ID3,16071,157,15132.1952805,0.0019831475915141872,0.28214955,0.29162037,0.799445613814502,30.426664,34.001457,0.17179678522827121,0.09744985861051675,0.13462332191939397,2037.1463965938856,1,157,156,"Oneida County, ID",,
ID3,16073,104,13321.855247,0.0017402607400839162,0.2815584,0.28697142,0.5475733553207017,33.62469,36.124695,0.1507559003095257,0.06674743739011889,0.10875166884982229,1448.7739902870114,1,104,103,"Owyhee County, ID",,
ID3,16077,220,24181.024121,0.003568265055387122,0.27856353,0.29238182,1.0212496963425155,26.182985,31.557812,0.3091128809479237,0.12448706553001791,0.21679997323897082,5242.445382323707,1,220,219,"Power County, ID",,
ID3,16081,52,4308.2352356,0.0018170725053864752,0.26743203,0.2749125,0.5005873574306087,30.852943,32.73512,0.1574099760843966,0.061019994807481825,0.10921498544593922,470.5238485537365,1,52,51,"Teton County, ID",,
ID3,16083,169,20592.22262,0.0029367234996703216,0.2766659,0.29040858,0.7085512454753092,31.986399,35.837894,0.2544034838891969,0.08637012636846604,0.17038680512883148,3508.6430227234555,1,169,168,"Twin Falls County, ID",,
ID3,30001,431,42093.861468,0.005150245781774403,0.27131164,0.29543078,1.5361810657131603,30.87215,37.52635,0.4461572463039633,0.18725554942957753,0.3167063978667704,13331.395237833125,2,431,429,"Beaverhead County, MT",,
ID3,30007,15,1406.240276,0.00034751993719166175,0.26328915,0.2640618,0.15459132422287472,37.254253,37.759483,0.030105075521219018,0.0188441870561407,0.02447463128867986,34.4172122583914,1,15,14,"Broadwater County, MT",,
ID3,30023,13,1190.638169,0.003028348042722965,0.2726883,0.2812613,0.5147782891971303,35.890488,37.41294,0.2623407660218066,0.06274982391693254,0.1625452949693696,193.53263238189513,1,13,12,"Deer Lodge County, MT",,
ID3,30031,88,7389.814478,0.004235201418531952,0.25582394,0.2734579,1.3408558322834936,35.30241,42.15231,0.36688847144375447,0.1634460293673362,0.26516725040554534,1959.5367861383504,1,88,87,"Gallatin County, MT",,
ID3,30043,34,3678.47873,0.0015345502254903,0.26291376,0.26739088,0.4899420345714705,37.60263,39.334927,0.13293553976447256,0.05972236406242526,0.09632895191344891,354.3440006968146,1,34,33,"Jefferson County, MT",,
ID3,30057,240,24473.300012,0.006109623624698303,0.25855467,0.28208482,2.0642917743744515,33.02591,41.845425,0.5292665569467059,0.25163055255728756,0.3904485547519967,9555.564619697423,1,240,239,"Madison County, MT",,
ID3,30081,1,36.0,0.0,0.27827966,0.27827966,0.0,43.295757,43.295757,0.0,0.0,0.0,0.0,1,1,0,"Ravalli County, MT",,
ID3,30093,21,1265.155526,0.002873302942243177,0.2725415,0.28208482,0.8351503341188282,33.20157,36.24926,0.2489094662326243,0.10180214960475065,0.1753558079186875,221.85236940452205,1,21,20,"Silver Bow County, MT",,
ID3,32007,22,1696.484928,0.004201502366916945,0.2815584,0.2924595,1.2230778263587732,32.774334,37.03546,0.3639691785189755,0.1490892678485273,0.2565292231837514,435.1979607227824,1,22,21,"Elko County, NV",,
ID3,49003,372,37193.463172,0.003475116102821757,0.28230634,0.29868194,1.4032177717326488,32.598724,37.757534,0.3010435417486703,0.17104774995593386,0.2360456458523021,8779.355035918554,1,372,371,"Box Elder County, UT",,
ID3,49005,21,1201.0689565,0.0028085029196302184,0.2784071,0.2856413,0.36728496326757215,33.51611,34.73384,0.2432959477959427,0.04477086010818824,0.1440334039520655,172.99405018585028,1,21,20,"Cache County, UT",,
ID3,49033,7,341.723855,0.00015586588015098837,0.2891007,0.28942013,0.29300187667910027,33.314545,34.075768,0.013502402570183716,0.03571598988298363,0.024609196226583672,8.409549402999627,1,7,6,"Rich County, UT",,
ID3,56023,48,2620.1534848,0.004151498541758027,0.27574366,0.29035285,0.4361704506643286,32.31577,34.17266,0.359637430116498,0.053167780287786674,0.20640260520214235,540.8065052921919,1,48,47,"Lincoln County, WY",,
ID3,56039,5,231.985851,0.004041455689826357,0.27062193,0.27813897,2.5769866240485615,32.350994,37.1541,0.3501046004470849,0.3141264118724592,0.33211550615977203,77.04609832677046,1,5,4,"Teton County, WY",,
MT1,16049,5,107.999998,0.0009984490733131787,0.2656737,0.2679063,0.15521871569594922,31.783218,32.17777,0.08649398650071348,0.018920664066318833,0.052707325283516154,5.692391025205095,1,5,4,"Idaho County, ID",,
MT1,30023,42,2853.005239,0.0040412030178010065,0.2673898,0.2814075,0.5131197062282046,33.139034,35.328236,0.3500827118887859,0.06254764796772141,0.20631517992825366,588.6182892205353,1,42,41,"Deer Lodge County, MT",,
MT1,30029,208,11680.4801707,0.004988189636910617,0.24014993,0.2556847,3.5515766556098294,30.09168,46.872013,0.4321185913731781,0.4329258137801188,0.4325222025766484,5052.067010584031,1,208,207,"Flathead County, MT",,
MT1,30039,100,8225.967572,0.0043457055957141204,0.2587303,0.2737183,0.9514276606795055,30.646307,34.651264,0.37646126495414406,0.11597598311780323,0.24621862403597364,2025.386416942379,1,100,99,"Granite County, MT",,
MT1,30043,43,3683.7606555,0.0047407805719798,0.25855467,0.27505904,1.0235466517451723,36.053276,40.185165,0.4106859546025614,0.12476705703332425,0.26772650581794283,986.2403685666297,1,43,42,"Jefferson County, MT",,
MT1,30047,165,11102.4936311,0.003782877496849882,0.23944153,0.25876155,2.0659820008650533,30.556196,41.517063,0.32770440064673834,0.2518365857503937,0.289770493198566,3217.175055217785,1,165,164,"Lake County, MT",,
MT1,30049,10,455.000706,0.0030841400224042126,0.26570272,0.27338988,1.0545528177848886,33.88037,37.469456,0.2671739326463043,0.12854660931857284,0.19786027098243858,90.02656298636086,1,10,9,"Lewis and Clark County, MT",,
MT1,30053,95,5586.897196,0.0036578818500583236,0.2427585,0.2548439,4.307740416198367,38.90063,52.974857,0.31687623516969365,0.5250997531731338,0.42098799417141375,2352.0166441859355,1,95,94,"Lincoln County, MT",,
MT1,30057,25,2111.62783,0.008062848299340855,0.25855467,0.28155908,1.0977864734205334,37.07238,40.435516,0.6984711695372993,0.1338166534042571,0.41614391147077817,878.7410647467514,1,25,24,"Madison County, MT",,
MT1,30061,19,670.207866,0.0063437500856760795,0.24616244,0.2622917,2.424070798945268,31.71947,38.394207,0.5495485437766138,0.2954864627900891,0.42251750328335147,283.17455422318295,1,19,18,"Mineral County, MT",,
MT1,30063,126,6697.4498127,0.0027914665402200907,0.25417712,0.26770967,1.7516494763386135,28.517807,38.07242,0.24182011451600297,0.21352045824594545,0.2276702863809742,1524.810316879611,1,126,125,"Missoula County, MT",,
MT1,30077,196,17500.102832,0.003637647706382592,0.25968716,0.27450988,0.7321737030143392,31.818993,35.547874,0.31512338487745517,0.0892496282475589,0.20218650656250703,3538.284656086716,1,196,195,"Powell County, MT",,
MT1,30081,89,4073.9097095,0.00419258824284961,0.25936994,0.2771816,1.0571807448831032,29.994566,34.885647,0.3631969627421735,0.12886694521101438,0.24603195397659394,1002.3119661525033,1,89,88,"Ravalli County, MT",,
MT1,30089,111,8791.292522,0.0031788793747089396,0.2447847,0.25901967,1.973615554047276,32.36327,41.395622,0.27538104553603815,0.24057741185887646,0.2579792286974573,2267.970864079284,1,111,110,"Sanders County, MT",,
MT1,30093,55,3996.3370557,0.001715723969220678,0.26746792,0.27505904,2.788481533499157,27.200228,38.32395,0.1486303205633564,0.33990696362814976,0.24426864209575308,976.1798259527789,1,55,54,"Silver Bow County, MT",,
MT2,30001,124,13076.940739,0.004425463238774563,0.27112493,0.2907579,1.7371402116944044,34.59106,44.157806,0.38337053723110354,0.21175182537875853,0.29756118130493103,3891.1899341514177,1,124,123,"Beaverhead County, MT",,
MT2,30005,252,30640.860422,0.0043616771625071766,0.26172316,0.27641726,1.0215555958492843,32.25711,36.38331,0.37784485528390394,0.12452435369968017,0.25118460449179203,7696.512406388274,1,252,251,"Blaine County, MT",,
MT2,30007,137,13341.898063,0.003576619382504177,0.2553835,0.2739897,0.7076541245963825,34.462658,37.818615,0.3098366024437906,0.08626077020802529,0.19804868632590794,2642.345384471326,1,137,136,"Broadwater County, MT",,
MT2,30013,391,42440.553314,0.0025647460144082256,0.2546956,0.26881394,0.7274049606188535,28.753424,32.053898,0.2221796915608953,0.08866833383032806,0.15542401269561168,6596.28109708392,1,391,390,"Cascade County, MT",,
MT2,30015,656,82403.219462,0.004053082798861426,0.2544735,0.27641726,1.0606509643555373,29.220215,33.76585,0.3511118376100024,0.12928995384486328,0.24020089572743286,19793.32712559663,4,656,652,"Chouteau County, MT",,
MT2,30023,1,155.29549,0.0,0.27609152,0.27609152,0.0,40.19849,40.19849,0.0,0.0,0.0,0.0,1,1,0,"Deer Lodge County, MT",,
MT2,30027,406,47679.584787,0.0027461298721383905,0.25871572,0.27117154,0.8675216215891961,31.721968,35.749413,0.2378926741869398,0.10574810581805186,0.17182039000249583,8192.324853259406,1,406,405,"Fergus County, MT",,
MT2,30031,26,2641.767935,0.0008181122496445375,0.2645483,0.26746282,0.5200610099669878,36.088295,38.185116,0.0708717066980816,0.06339377065102633,0.06713273867455397,177.34911641917105,1,26,25,"Gallatin County, MT",,
MT2,30035,414,51347.7780409,0.00162355279700448,0.25376827,0.26404274,1.2546196422348501,33.84422,41.861977,0.1406456848533264,0.15293411413241206,0.14678989949286925,7537.3351778058695,1,414,413,"Glacier County, MT",,
MT2,30041,487,62072.9313317,0.002035962682318496,0.2582843,0.27402484,0.9475961105130221,31.898746,36.14604,0.1763720689088931,0.11550892943018422,0.14594049916953866,9058.954583464794,1,487,486,"Hill County, MT",,
MT2,30043,62,5002.748965,0.0062062879067833815,0.2553835,0.27568394,0.6110801301504417,35.8413,38.810204,0.5376404233092874,0.07448870974314237,0.3060645665262149,1531.1641934121951,1,62,61,"Jefferson County, MT",,
MT2,30045,247,29025.8729533,0.002803676533961305,0.25930506,0.27049688,1.1937487145362282,29.340761,33.799084,0.24287784601383683,0.14551414309846242,0.1941959945561496,5636.708266026537,1,247,246,"Judith Basin County, MT",,
MT2,30049,245,23347.4419455,0.004056747411694483,0.25622556,0.27338988,1.7517233688493206,30.748745,37.467102,0.3514292969390606,0.21352946550622226,0.28247938122264143,6595.170953896383,1,245,244,"Lewis and Clark County, MT",,
MT2,30051,241,31742.116193,0.002050982905700673,0.25629964,0.26623413,1.0504911620260995,31.197674,35.913475,0.1776732459375268,0.12805150649659347,0.15286237621706014,4852.175307420003,1,241,240,"Liberty County, MT",,
MT2,30057,75,6842.208109,0.0025623483807585934,0.26607203,0.28138348,1.9645079323864005,37.344692,43.88453,0.22197198853620642,0.2394672219625362,0.2307196052493713,1578.6315539425273,1,75,74,"Madison County, MT",,
MT2,30059,211,22689.370957,0.0022892932100389432,0.2621341,0.27371797,1.170260647876592,31.238924,35.898117,0.1983176721755287,0.14265102303693059,0.17048434760622966,3868.1826051998796,1,211,210,"Meagher County, MT",,
MT2,30067,2,269.30809999999997,0.0,0.2684625,0.2684625,0.013829594426441447,35.908794,35.928352,0.0,0.0016857832455507336,0.0008428916227753668,0.22699754143555073,1,2,1,"Park County, MT",,
MT2,30073,249,31210.539418,0.002275540191578758,0.25492215,0.26395574,0.9214741971806335,30.791454,35.219273,0.1971262710066218,0.11232475189904312,0.15472551145283248,4829.066674168838,1,249,248,"Pondera County, MT",,
MT2,30099,322,37329.491627,0.004195107750999721,0.25514516,0.2721717,0.8173270836235202,29.614523,33.639297,0.36341522355261324,0.09962955248152645,0.23152238801706984,8642.613044946254,1,322,321,"Teton County, MT",,
MT2,30101,338,41247.972575,0.002051948413407671,0.2556514,0.26520452,1.0153775239456353,31.733187,36.274616,0.17775688626812303,0.1237712665314067,0.15076407639976486,6218.712488632706,1,338,337,"Toole County, MT",,
MT3,30003,436,52777.0885003,0.002989101387536644,0.2647531,0.27893677,0.7464688824496734,29.282099,32.551586,0.2589408934047492,0.09099216481379056,0.17496652910926988,9234.223991390252,1,436,435,"Big Horn County, MT",,
MT3,30009,258,28389.866115,0.004743504807348039,0.26152673,0.2821796,0.6993953161409707,29.258808,32.551685,0.41092195059220493,0.08525404792152592,0.24808799925686542,7043.185083640629,1,258,257,"Carbon County, MT",,
MT3,30027,280,35886.935067,0.0015792256356837776,0.26345706,0.27510935,1.1745249045662414,31.464752,36.265,0.13680569641990012,0.143170822263175,0.13998825934153758,5023.749573132115,1,280,279,"Fergus County, MT",,
MT3,30031,109,8514.3091214,0.004901611668312894,0.2529366,0.26867297,1.3576152771412133,35.47557,39.858376,0.42461848561184823,0.16548895199215718,0.2950537188020027,2512.1785692988824,1,109,108,"Gallatin County, MT",,
MT3,30033,45,5727.643681,0.0007195114539021958,0.26907542,0.2717339,0.808740109637448,32.812767,35.8365,0.062330083370616546,0.09858282786840088,0.0804564556195087,460.8259096247359,1,45,44,"Garfield County, MT",,
MT3,30037,189,23457.761806,0.002994950708351366,0.26565325,0.2767003,0.4951100123105333,28.953903,31.55477,0.2594476103611865,0.06035232398874343,0.15989996717496496,3750.895342777547,1,189,188,"Golden Valley County, MT",,
MT3,30043,11,825.937743,0.0009073870544090435,0.27005306,0.2722722,0.2594773899295924,36.44648,37.229225,0.07860543490169622,0.03162946237282366,0.05511744863725994,45.5235811273769,1,11,10,"Jefferson County, MT",,
MT3,30045,4,402.93743400000005,0.0018828949999999862,0.26345706,0.26722285,0.32779437501516967,32.87188,33.607117,0.16311206957390453,0.039957083942376785,0.10153457675814066,40.91208182120124,1,4,3,"Judith Basin County, MT",,
MT3,30059,75,8117.820649,0.0033019335316286156,0.26487306,0.2784011,0.8355147067746908,32.81533,36.41358,0.28604102296698386,0.10184656546391825,0.19394379421545105,1574.4009374275954,1,75,74,"Meagher County, MT",,
MT3,30065,304,40646.1684,0.0012703616304766926,0.26573712,0.2709958,1.0244759930841152,28.65717,33.11567,0.11004932014495478,0.12488034076459494,0.11746483045477485,4774.4952797422275,1,304,303,"Musselshell County, MT",,
MT3,30067,211,21056.452278,0.003892533189600678,0.25803116,0.27789655,1.2662212001797033,32.216377,37.970036,0.33720369135872313,0.15434830687029352,0.24577599911450831,5175.170596432415,1,211,210,"Park County, MT",,
MT3,30069,262,35112.101331,0.0008706253699696864,0.26702157,0.27066016,1.1136377114414269,31.999016,37.331417,0.07542083117715162,0.13574886852589282,0.10558484985152222,3707.3059470050684,1,262,261,"Petroleum County, MT",,
MT3,30071,2,51.75,0.0007550344788153649,0.26818502,0.2692528,0.0924117852332683,36.58937,36.72006,0.06540738407570759,0.011264700499084877,0.03833604228739623,1.983890188372755,1,2,1,"Phillips County, MT",,
MT3,30087,56,7806.61014,0.001188770760238204,0.26960748,0.27427596,0.5152095262694514,31.15662,33.346535,0.10298123843942374,0.06280239033420862,0.08289181438681617,647.104078715117,1,56,55,"Rosebud County, MT",,
MT3,30095,254,30362.1494649,0.0018547900977578832,0.26322523,0.2730116,1.0151834566606486,28.396175,32.37487,0.16067738852696262,0.12374761035122872,0.14221249943909567,4317.87716374683,1,254,253,"Stillwater County, MT",,
MT3,30097,239,28182.4315335,0.0027334805785877324,0.2657052,0.27888796,0.8110286163498581,29.762104,33.656017,0.2367968868755413,0.0988617895034388,0.16782933818949003,4729.83883283792,1,239,238,"Sweet Grass County, MT",,
MT3,30103,85,10741.302004,0.0017912711072520964,0.26787043,0.27372426,0.2809910640118773,31.342712,32.707447,0.15517484377611662,0.03425191030584573,0.09471337704098118,1017.3449866158986,1,85,84,"Treasure County, MT",,
MT3,30107,224,28637.627781,0.002182470013315413,0.26659644,0.2784011,0.6527098035037816,30.769138,33.250286,0.1890637558944427,0.0795632335283542,0.13431349471139845,3846.4198675103407,1,224,223,"Wheatland County, MT",,
MT3,30111,446,52604.3986178,0.0019782348271550638,0.26322523,0.2709958,1.029126027599169,27.719963,32.101913,0.17137120060356004,0.12544716507158418,0.1484091828375721,7806.975812529605,1,446,445,"Yellowstone County, MT",,
MT3,56003,382,41181.9121423,0.003931715584605962,0.27187,0.2874849,1.458561434064514,31.168005,37.825623,0.34059799722292383,0.1777939650530372,0.25919598113798054,10674.186122861563,2,382,380,"Big Horn County, WY",,
MT3,56013,96,10480.982391,0.0027115097157585496,0.28846046,0.29743493,0.8143230002384713,33.26139,36.53119,0.23489358748476677,0.09926336434306085,0.1670784759139138,1751.146563968848,1,96,95,"Fremont County, WY",,
MT3,56017,45,4767.662083,0.004072258234187268,0.2827845,0.2944834,0.6992684349552449,34.83046,37.036865,0.3527729737545982,0.08523858151155926,0.21900577763307874,1044.1455419791591,1,45,44,"Hot Springs County, WY",,
MT3,56025,33,4052.982571,0.003012408246559522,0.28900608,0.2999531,0.4345108467908728,33.506042,35.06634,0.2609599279289733,0.052965479893584674,0.156962703911279,636.1671032494473,1,33,32,"Natrona County, WY",,
MT3,56029,402,43507.643191,0.005604508654291013,0.27096415,0.29924992,1.2047666396050296,30.826963,35.77753,0.48550928519448644,0.14685719285892443,0.3161832390267054,13756.387546548567,3,402,399,"Park County, WY",,
MT3,56043,71,8618.443523,0.0013299985744628197,0.28410226,0.28926495,0.3804968388430616,34.465645,36.444206,0.11521556964725856,0.04638134540520299,0.08079845752623077,696.3569429353341,1,71,70,"Washakie County, WY",,
MT4,30005,420,53031.828278,0.0018370086489040386,0.26251367,0.27415845,0.7043231701829981,33.185936,36.392735,0.15913701111740278,0.08585473753861883,0.1224958743280108,6496.180172126537,1,420,419,"Blaine County, MT",,
MT4,30019,249,32136.051527,0.0015405524175210537,0.2607957,0.26725763,0.8490070605817396,29.63673,33.376987,0.13345549970069642,0.10349124015860618,0.1184733699296513,3807.2663206366065,1,249,248,"Daniels County, MT",,
MT4,30021,62,8672.84042,0.0008622249369260578,0.2681967,0.27122647,0.41078174191615774,31.435097,33.340908,0.07469311560136897,0.050072978046008514,0.06238304682368874,541.0382100152403,1,62,61,"Dawson County, MT",,
MT4,30033,72,7727.792108,0.0013422485437733186,0.2650015,0.27101547,0.8386395072524998,29.7587,34.447376,0.11627676416232834,0.10222746862917,0.10925211639574917,844.2776428653677,1,72,71,"Garfield County, MT",,
MT4,30055,322,42186.125964,0.0013937918054376065,0.2640415,0.2702385,0.8510792726446165,28.048256,32.19209,0.12074187139488848,0.10374383616895244,0.11224285378192046,4735.09116820293,1,322,321,"McCone County, MT",,
MT4,30071,685,80643.768857,0.002521125464879886,0.26057476,0.27415845,1.2009226876232184,30.095417,36.305813,0.2184009157345648,0.14638862742975686,0.18239477158216083,14709.001800197091,3,685,682,"Phillips County, MT",,
MT4,30083,230,31124.473034,0.0014237891189051825,0.26510707,0.27099282,0.9363777090512602,31.28367,35.239666,0.12334048888622684,0.11414144223981934,0.11874096556302309,3695.7499806974347,1,230,229,"Richland County, MT",,
MT4,30085,343,41846.692864,0.0010257929520844466,0.26453298,0.26919162,1.2889729521059936,29.126738,34.56334,0.08886274134713854,0.15712167252524975,0.12299220693619414,5146.817108324446,1,343,342,"Roosevelt County, MT",,
MT4,30091,297,34422.803251,0.0014295363798921242,0.2604194,0.26771516,0.9485193519332491,32.16764,36.52483,0.12383836456913078,0.11562146960090978,0.11972991708502029,4121.439379076197,1,297,296,"Sheridan County, MT",,
MT4,30105,802,99970.803138,0.002175613022866209,0.25883907,0.269477,0.9535814748275727,27.344582,31.348652,0.18846974618959023,0.11623852616085154,0.15235413617522087,15230.96535483305,3,802,799,"Valley County, MT",,
NM1,08007,107,6218.024915,0.0032653274069116144,0.30031553,0.3114305,1.536162960980848,33.573673,39.127686,0.28286989512306765,0.1872533425207228,0.23506161882189522,1461.6190023947775,1,107,106,"Archuleta County, CO",,
NM1,08021,1,18.0,0.0,0.3085975,0.3085975,0.0,34.107944,34.107944,0.0,0.0,0.0,0.0,1,1,0,"Conejos County, CO",,
NM1,08033,89,8270.406499,0.004500193501728238,0.29184327,0.31190702,0.7682533957218816,40.215195,45.06328,0.3898442959113147,0.09364762717619736,0.24174596154375602,1999.337371458484,1,89,88,"Dolores County, CO",,
NM1,08053,2,96.75,0.0,0.3049629,0.3049629,0.010559932670240059,38.11826,38.133194,0.0,0.0012872219546509983,0.0006436109773254991,0.06226936205624204,1,2,1,"Hinsdale County, CO",,
NM1,08067,34,2105.614466,0.002449344267229654,0.30370298,0.31320432,1.246964881332268,30.877926,34.973827,0.21218262968822507,0.15200102330701537,0.18209182649762023,383.4151840137513,1,34,33,"La Plata County, CO",,
NM1,08077,2,181.31233400000002,0.0026903574546517056,0.29866982,0.30247456,0.3654674327494838,44.541733,45.058582,0.23306120220289764,0.04454930896205973,0.1388052555824787,25.167104861125743,1,2,1,"Mesa County, CO",,
NM1,08079,5,148.499999,0.0014744363915476452,0.3049629,0.30825984,0.30923570300791464,37.867386,38.637966,0.12772797807653535,0.037694841293403294,0.08271140968496932,12.282644255506534,1,5,4,"Mineral County, CO",,
NM1,08083,6,418.05541000000005,0.004396498737724906,0.30223182,0.31169066,4.213377558482173,32.450794,43.41929,0.3808613905657902,0.5135972231903236,0.44722930687805695,186.96663125092195,1,6,5,"Montezuma County, CO",,
NM1,08085,82,7058.556985,0.0019481431203217715,0.29856405,0.3052661,1.0110255456548467,42.516205,46.220898,0.16876440597157602,0.12324077432307519,0.1460025901473256,1030.5676025124974,1,82,81,"Montrose County, CO",,
NM1,08109,139,10134.816758,0.003782524268488976,0.2967429,0.31698433,0.8306812604745354,33.074753,36.82857,0.3276738010599427,0.10125738384804292,0.21446559245399283,2173.569480417125,1,139,138,"Saguache County, CO",,
NM1,08113,53,4809.535286,0.004003851857082403,0.29184327,0.30917248,1.8335471141447985,40.18036,46.167324,0.3468470428122846,0.22350351786480763,0.2851752803385461,1371.5605734831797,1,53,52,"San Miguel County, CO",,
NM1,35001,136,13612.982261,0.002203677404612968,0.30964506,0.3187837,0.5762589233483966,23.251474,25.810358,0.1909009170132559,0.07024411621373909,0.1305725166134975,1777.4813524336691,1,136,135,"Bernalillo County, NM",,
NM1,35003,252,28715.449558,0.0027816436697890557,0.31105956,0.32255423,0.7581448849722684,27.754585,33.027775,0.24096917554959088,0.09241543210715135,0.1666923038283711,4786.644442290401,1,252,251,"Catron County, NM",,
NM1,35006,319,34860.819099,0.0026437807309737074,0.31129903,0.3233786,0.883020102398545,24.738165,29.40517,0.22902633791514382,0.10763732096596224,0.16833182944055303,5868.185454730841,1,319,318,"Cibola County, NM",,
NM1,35007,41,3766.219349,0.0017433689374613138,0.3045118,0.311736,0.594598421410546,31.582733,34.947258,0.15102515829091687,0.07247964226111696,0.1117524002760169,420.8840522167278,1,41,40,"Colfax County, NM",,
NM1,35013,21,753.3108173,0.0009644600714006679,0.31466714,0.31898317,0.2576497800652301,22.81709,23.817482,0.08354957566277453,0.031406682586682236,0.05747812912472838,43.298896427824076,1,21,20,"Dona Ana County, NM",,
NM1,35017,2,26.4053125,0.006924668423888605,0.3159449,0.32573786,4.523922814927825,24.31257,30.710363,0.5998725355017387,0.5514516948515034,0.575662115176621,15.20053804564967,1,2,1,"Grant County, NM",,
NM1,35019,135,18822.41447,0.0012176063728076636,0.31274033,0.31723294,0.5082090862954945,27.14641,29.249996,0.10547921970956141,0.061949059133329966,0.08371413942144569,1575.7022291898168,1,135,134,"Guadalupe County, NM",,
NM1,35027,20,2481.402531,0.0009617599504171011,0.31563258,0.31924766,0.2712489232753606,27.824879,29.05064,0.08331566866226228,0.03306437456741388,0.05819002161483808,144.39286691400392,1,20,19,"Lincoln County, NM",,
NM1,35028,9,283.26699,0.003832733228751747,0.31340834,0.32068044,0.24444868541730866,25.51487,26.32198,0.3320233199760875,0.029797511450192028,0.1809104157131398,51.245948918709814,1,9,8,"Los Alamos County, NM",,
NM1,35029,3,78.8222725,0.00030934427423183925,0.3190707,0.3196065,0.324470703067319,22.62078,23.210941,0.026797981183652377,0.03955193898218323,0.0331749600829178,2.6149257438323694,1,3,2,"Luna County, NM",,
NM1,35031,87,10117.41485,0.002890858649229011,0.31142783,0.32183287,0.9629915667944517,23.08056,29.138538,0.25043028799873046,0.11738558621826915,0.1839079371084998,1860.6728939344018,1,87,86,"McKinley County, NM",,
NM1,35033,212,24554.616196,0.0023421057195879844,0.30532515,0.31443807,0.6190805895951162,30.187323,32.982986,0.20289273224628981,0.07546394011307671,0.13917833617968325,3417.470627689983,1,212,211,"Mora County, NM",,
NM1,35039,509,47770.8836678,0.003463915627313418,0.2960974,0.31666178,1.6978068492694036,26.546776,34.170864,0.30007326314026306,0.20695721453749882,0.25351523883888094,12110.646982586713,2,509,507,"Rio Arriba County, NM",,
NM1,35043,472,51210.2502742,0.002839882885128174,0.3028893,0.3233786,1.7536382518805658,23.038004,29.476015,0.24601434213844686,0.21376288361175186,0.22988861287509937,11772.653400522515,2,472,470,"Sandoval County, NM",,
NM1,35045,5,246.395511,0.0006857401494589827,0.31176373,0.31305638,1.2159978428888347,28.520514,31.299763,0.05940453130321877,0.14822624055037467,0.10381538592679672,25.579645065095285,1,5,4,"San Juan County, NM",,
NM1,35047,500,56361.1036051,0.002176058436240374,0.30532515,0.3174762,1.642032613818718,25.671808,32.701073,0.18850833161112246,0.20015851395692358,0.19433342278402302,10952.846175464021,2,500,498,"San Miguel County, NM",,
NM1,35049,258,22846.1034814,0.0031495423319939475,0.30273065,0.31836668,1.0428412958498356,23.532597,28.80028,0.27283962620441293,0.1271190123226505,0.1999793192635317,4568.748222034575,1,258,257,"Santa Fe County, NM",,
NM1,35051,7,291.822482,0.0023863929321287806,0.31655,0.32124472,0.32713780906777823,30.398243,31.15149,0.20672925998319958,0.03987705065726501,0.1233031553202323,35.98263282398169,1,7,6,"Sierra County, NM",,
NM1,35053,465,49749.4705103,0.0032640387517723804,0.31154096,0.32694077,1.4841252573537063,25.347128,31.52273,0.28275826106661334,0.18091011319623543,0.2318341871314244,11533.62805597417,2,465,463,"Socorro County, NM",,
NM1,35055,112,6776.5199572,0.00448613171891793,0.2985915,0.31523734,1.617852437995722,23.381771,32.51009,0.3886261469990875,0.19721102800614676,0.2929185875026171,1984.9686540463194,1,112,111,"Taos County, NM",,
NM1,35057,490,60497.7823187,0.0018985037594890588,0.30964506,0.32027587,0.7384784948154189,24.52135,28.132347,0.16446423050892428,0.0900181621652727,0.1272411963370985,7697.810197972753,1,490,489,"Torrance County, NM",,
NM1,35061,174,18498.4763387,0.0028983406744776744,0.307226,0.3197252,0.45451958218841787,23.859451,26.141888,0.2510784434311437,0.055404480623305906,0.1532414620272248,2834.7335594184124,1,174,173,"Valencia County, NM",,
NM1,49019,25,1556.7592815,0.003345603896505191,0.29464838,0.30765435,0.7543202581177257,42.735806,45.281586,0.2898241142142737,0.09194922234907311,0.1908866682816734,297.1645925621067,1,25,24,"Grand County, UT",,
NM1,49037,240,18790.714174,0.003773508021985466,0.29662117,0.31221437,2.0114194224647473,32.203857,45.589085,0.326892738585946,0.24518558228167142,0.2860391604338087,5374.88010628263,1,240,239,"San Juan County, UT",,
NV1,06003,14,584.963782,0.0005028016789292821,0.31489384,0.31610492,0.4839509860345453,29.972454,31.523224,0.04355687514990994,0.05899207444326478,0.05127447479658736,29.993710697075425,1,14,13,"Alpine County, CA",,
NV1,06017,3,65.25,0.006200089090790045,0.30719745,0.31905037,1.5741835891979055,29.18342,32.33157,0.5371034301654419,0.19188793526851036,0.36449568271697613,23.78334329728269,1,3,2,"El Dorado County, CA",,
NV1,06035,331,23907.318778,0.003743394909993855,0.303042,0.31897086,2.0617699011887676,26.595345,37.272465,0.3242840896606143,0.2513231442969483,0.2878036169787813,6880.612816573139,1,331,330,"Lassen County, CA",,
NV1,06049,211,16839.853245,0.0024797537239642322,0.29479337,0.3090305,1.1520311738710212,31.665352,37.081303,0.214816950466917,0.1404289085694927,0.17762292951820485,2991.144066033548,1,211,210,"Modoc County, CA",,
NV1,06051,32,966.7129454,0.003197472342881198,0.31354168,0.32519644,1.1748693963560302,30.48952,34.408348,0.27699172351760315,0.14321281470847372,0.21010226911303842,203.1085834094888,1,32,31,"Mono County, CA",,
NV1,06057,32,1180.6159687,0.005635462367118287,0.2953021,0.31310576,1.995720497237053,27.445103,33.774155,0.48819075397540784,0.24327193360146132,0.3657313437884346,431.7882647307354,1,32,31,"Nevada County, CA",,
NV1,06061,18,677.7954235,0.00509645585392005,0.30070916,0.31310576,1.7301293185883662,27.999737,32.588745,0.4414975141072372,0.21089721997457478,0.32619736704090596,221.0950825380758,1,18,17,"Placer County, CA",,
NV1,06063,109,5695.2111836,0.006274620287292243,0.29879725,0.31840876,2.949171630311345,27.438862,36.688354,0.5435599440492713,0.35949457152025016,0.45152725778476077,2571.5430882360097,1,109,108,"Plumas County, CA",,
NV1,06091,42,1858.172727,0.005167423106824546,0.2947299,0.31526902,1.6431944971642451,26.852789,33.252663,0.4476452894708273,0.20030014381364802,0.3239727166422377,601.997266356705,1,42,41,"Sierra County, CA",,
NV1,16073,15,1383.978776,0.0010947057377726811,0.29363564,0.2958982,0.210850006075003,37.816296,38.451668,0.09483254162474879,0.025701940100709968,0.060267240862729374,83.40858224209738,1,15,14,"Owyhee County, ID",,
NV1,32001,584,56256.4683785,0.004343509691577403,0.2978798,0.3159283,1.9100662544264388,26.403828,34.028214,0.37627103742243045,0.23283095587008307,0.30455099664625673,17132.9635124708,4,584,580,"Churchill County, NV",,
NV1,32003,3,195.95631,0.0,0.33001164,0.33001164,0.03800384999356234,22.628979,22.70242,0.0,0.004632547536107024,0.002316273768053512,0.4538884605375621,1,3,2,"Clark County, NV",,
NV1,32005,79,5556.7695063,0.0021321471450493163,0.30999365,0.3193405,1.2095373572159596,23.159657,29.245203,0.18470436931697656,0.14743872804858862,0.1660715486827826,922.8213175845023,1,79,78,"Douglas County, NV",,
NV1,32007,531,53319.6796067,0.004470685383027372,0.29023466,0.309496,1.6153933251602557,31.608519,40.29981,0.3872880565508986,0.19691127003139214,0.29209966329114534,15574.66045990882,3,531,528,"Elko County, NV",,
NV1,32009,22,2771.047923,0.0020157996658177304,0.31852472,0.32391337,0.3008693141843197,31.71528,32.63658,0.17462538024580104,0.0366750053047489,0.10565019277527497,292.7617472544753,1,22,21,"Esmeralda County, NV",,
NV1,32011,557,55815.470129,0.0033449515511623,0.28682187,0.30410516,0.8256192279686784,32.65898,36.76379,0.2897676026196516,0.10064033830616562,0.1952039704629086,10895.401382434673,2,557,555,"Eureka County, NV",,
NV1,32013,515,56842.585631,0.0034110272175807777,0.2958982,0.3164853,1.9187218535685095,31.42711,40.523407,0.2954916279625374,0.233886045669825,0.2646888368161812,15045.597872293567,3,515,512,"Humboldt County, NV",,
NV1,32015,646,63751.896562,0.0032166298562236917,0.29551896,0.31271777,1.1179206466990381,30.590181,35.775043,0.2786513071105193,0.1362709446097189,0.20746112586011908,13226.040236470375,2,646,644,"Lander County, NV",,
NV1,32019,258,21147.3903908,0.0022762577559266783,0.3091527,0.31879508,1.1083846847818448,24.482906,29.258253,0.19718843241543205,0.1351085414086909,0.16614848691206147,3513.606915570088,1,258,257,"Lyon County, NV",,
NV1,32021,355,37481.941439,0.0043378252814730055,0.30401012,0.32391337,1.4422820360524473,27.336582,34.580082,0.37577860640719324,0.17580955860045727,0.27579408250382526,10337.297649631113,2,355,353,"Mineral County, NV",,
NV1,32023,726,73454.564316,0.005050039995055502,0.2962835,0.32757398,3.124571821864779,23.362118,41.945328,0.4374765852713505,0.3808752928248338,0.40917593904809213,30055.84033136778,8,726,718,"Nye County, NV",,
NV1,32027,789,86669.915349,0.003343017205217211,0.3002406,0.31523237,1.655846376044966,27.083057,35.229412,0.28960003344007695,0.20184236730800284,0.24572120037403988,21296.635635872706,5,789,784,"Pershing County, NV",,
NV1,32029,40,2916.803766,0.001804554028745324,0.31171143,0.3177647,0.38606965451505615,23.647406,25.529638,0.15632552122480498,0.04706065377829809,0.10169308750155154,296.61878060069307,1,40,39,"Storey County, NV",,
NV1,32031,612,55438.4467266,0.004291303475885615,0.29879472,0.3177647,3.3649043326267605,23.761213,37.27113,0.37174849958250356,0.4101710557742568,0.3909597776783802,21674.20280706626,5,612,607,"Washoe County, NV",,
NV1,32033,402,43776.220588,0.003831084609521269,0.2918484,0.3093777,1.2468871554170375,34.00192,39.4732,0.331880502827695,0.15199154876701076,0.24193602579735288,10591.044833488977,2,402,400,"White Pine County, NV",,
NV1,32510,14,955.2177776,0.0013587364941263845,0.31315675,0.31623033,1.0360983892926874,25.483204,28.52789,0.11770508794305981,0.12629707362005038,0.1220010807815551,116.53760124895513,1,14,13,"Carson City, NV",,
NV1,41025,375,41861.465873,0.003379095809717239,0.28875205,0.30376765,1.7098788214178595,34.840157,42.423782,0.29272546308290776,0.20842874925942187,0.2505771061711648,10489.524978539313,2,375,373,"Harney County, OR",,
NV1,41037,114,11243.256393,0.0029575117128427877,0.29330802,0.30478853,1.2329532306033961,32.86077,37.959618,0.2562043323025734,0.15029304798157272,0.20324869014207306,2285.177134808739,1,114,113,"Lake County, OR",,
NV1,41045,200,23974.913982,0.0030863129536889567,0.2909214,0.30145863,1.185332269015349,37.665947,42.25621,0.26736217007797014,0.14448820535880885,0.2059251877183895,4937.0386622755905,1,200,199,"Malheur County, OR",,
NV2,04005,112,11852.824943,0.00372922682856171,0.30059347,0.3119927,0.7408749940891336,31.203112,34.042767,0.32305673227515797,0.09031028774748633,0.20668351001132215,2449.7834627689895,1,112,111,"Coconino County, AZ",,
NV2,04015,461,45914.1842811,0.0028516157770350427,0.3003576,0.31830424,3.2905900567587567,26.018023,39.776836,0.2470307430960235,0.40111238367581903,0.32407156338592125,14879.481481565368,3,461,458,"Mohave County, AZ",,
NV2,06027,168,10137.938453,0.006225060885759089,0.3109699,0.33798048,1.7550667551492154,28.040928,36.831738,0.5392666953280644,0.21393701358275807,0.3766018544554112,3817.966421754623,1,168,167,"Inyo County, CA",,
NV2,06029,359,23654.5307067,0.00972675671819416,0.3036104,0.3373262,2.273225861596904,30.85733,38.65021,0.8426127949495542,0.27709894828917,0.5598558716193621,13243.127906546493,2,359,357,"Kern County, CA",,
NV2,06037,59,4923.997284,0.0026606526958214516,0.32026672,0.32914507,1.2453583865935942,33.19354,38.41648,0.23048792823435638,0.15180519674616239,0.19114656249025938,941.2051545479735,1,59,58,"Los Angeles County, CA",,
NV2,06051,37,1688.1066025,0.0063138552121353355,0.3120838,0.33221442,1.3296380111176986,33.771923,38.516827,0.546958800486159,0.16207861291319023,0.3545187066996746,598.4653694894816,1,37,36,"Mono County, CA",,
NV2,06071,59,2327.225104,0.005430587680216792,0.3123749,0.3293821,1.5954434142759033,28.251501,34.217113,0.47044279979643944,0.19447943982133403,0.3324611198088867,773.7118641231929,1,59,58,"San Bernardino County, CA",,
NV2,06107,6,222.750001,0.003025289910449904,0.3315639,0.33752877,3.4122300070384264,32.380524,39.314606,0.2620758450973314,0.4159399038364269,0.3390078744668792,75.51400437650521,1,6,5,"Tulare County, CA",,
NV2,06111,8,286.322584,0.0016071063854909064,0.32724988,0.33095258,1.0331047716011512,36.713078,39.833576,0.139220959513335,0.12593216121608813,0.13257656036471155,37.95966334145619,1,8,7,"Ventura County, CA",,
NV2,32003,469,37995.3538956,0.005019235764949778,0.30502442,0.33001164,1.9375754613551246,22.964666,33.414143,0.4348080659305613,0.23618424004522134,0.3354961529878913,12747.29506338729,2,469,467,"Clark County, NV",,
NV2,32007,115,13613.718329,0.0014233096478085184,0.2908577,0.2984833,1.0779967804050705,38.215405,43.308426,0.12329895310070627,0.13140435323902053,0.1273516531698634,1733.7295349870203,1,115,114,"Elko County, NV",,
NV2,32009,497,57718.880628,0.005121639357774052,0.31411764,0.337749,1.0198590345967935,31.353275,36.669525,0.4436791192592763,0.12431754831939862,0.2839983337893375,16392.065926537667,3,497,494,"Esmeralda County, NV",,
NV2,32017,1067,115192.840058,0.004346234712515907,0.30141708,0.32261193,2.40945900674154,27.909573,39.35731,0.3765071014647226,0.29370533214193223,0.3351062168033274,38601.83683466717,12,1067,1055,"Lincoln County, NV",,
NV2,32021,64,7126.377784,0.0025050950736109777,0.31533396,0.32391337,1.2088679372853668,32.63976,37.66233,0.21701222953806895,0.14735712790411343,0.18218467872109118,1298.3168470231617,1,64,63,"Mineral County, NV",,
NV2,32023,1115,115689.954867,0.0060846970396987235,0.30327407,0.3294426,3.119858769523988,26.146338,40.029358,0.5271072082487215,0.3803007868468191,0.4537039975477703,52488.99499927902,22,1115,1093,"Nye County, NV",,
NV2,32033,586,59609.565041,0.004437149231202615,0.2922567,0.3110951,2.49279271196688,32.24215,41.66149,0.3843828753646503,0.30386344377750896,0.34412315957107964,20513.031862566695,5,586,581,"White Pine County, NV",,
NV2,49001,243,26491.233203,0.0031671651179118717,0.2956745,0.30762392,0.8026737355150007,33.163387,36.739826,0.2743662589071024,0.09784335630173573,0.18610480760441908,4930.145858448113,1,243,242,"Beaver County, UT",,
NV2,49017,60,3562.607095,0.0022380474688925745,0.29399186,0.30689883,0.5487979448403869,33.880054,36.34667,0.1938783386517619,0.0668967109285399,0.1303875247901509,464.5195209168799,1,60,59,"Garfield County, UT",,
NV2,49021,193,15241.997179,0.003687204644440387,0.29266822,0.3130484,0.6916470487928964,32.23323,35.838005,0.3194164201918794,0.08430955896005228,0.20186298957596582,3076.7951176613774,1,193,192,"Iron County, UT",,
NV2,49023,104,12187.423437,0.0036317631177859013,0.2918944,0.30868465,1.204931126659226,38.627262,43.989872,0.31461361273158556,0.14687724330375482,0.23074542801767017,2812.1922374031496,1,104,103,"Juab County, UT",,
NV2,49025,123,7957.622996,0.002841149885041207,0.30132967,0.3130484,1.056287445559558,32.001305,36.76627,0.24612410023858772,0.12875805488592898,0.18744107756225836,1491.5854292044469,1,123,122,"Kane County, UT",,
NV2,49027,241,29987.677236,0.0028045000614438805,0.29382256,0.3051699,1.7647070540842704,33.879307,44.342903,0.24294918683317826,0.21511213513192978,0.22903066098255404,6868.097538692569,1,241,240,"Millard County, UT",,
NV2,49031,32,1966.588238,0.0032757932352352258,0.29207876,0.30414906,0.6506766898595111,35.110764,37.41389,0.2837765324648575,0.07931540348995056,0.18154596797740402,357.0261652806874,1,32,31,"Piute County, UT",,
NV2,49041,1,126.447586,0.0,0.29264948,0.29264948,0.0,37.566875,37.566875,0.0,0.0,0.0,0.0,1,1,0,"Sevier County, UT",,
NV2,49045,70,6266.971363,0.0031211000242510807,0.28348014,0.29652023,0.7711776159661331,40.299908,43.479042,0.2703757162787947,0.09400408025371021,0.18218989826625245,1141.7788750624875,1,70,69,"Tooele County, UT",,
NV2,49053,126,5884.0236841,0.004859754691353535,0.29945722,0.31847754,1.4874587492580835,30.273895,36.83032,0.42099248515088344,0.18131645517766287,0.30115447016427316,1772.00003501917,1,126,125,"Washington County, UT",,
OR1,06015,20,339.0796088,0.004585719420597031,0.24749263,0.26352873,0.7115558013657768,55.194508,58.315144,0.397253264350287,0.08673637210382809,0.24199481822705754,82.05550829605778,1,20,19,"Del Norte County, CA",,
OR1,06023,5,176.02838,0.010165511331570086,0.25371724,0.27602082,0.9140084632610368,58.889896,60.967754,0.8806213790834789,0.11141470285716139,0.49601804097032015,87.31325220277908,1,5,4,"Humboldt County, CA",,
OR1,41003,80,4482.0490109,0.002677715297998186,0.24387577,0.25748143,2.9994094919050944,28.973974,40.11877,0.231966033149056,0.36561840586821315,0.29879221950863455,1339.2013719132913,1,80,79,"Benton County, OR",,
OR1,41005,140,5838.9367155,0.005667384070056244,0.2379989,0.27428108,1.7102127112062608,30.45973,38.851486,0.49095607813343767,0.2084694493547241,0.3497127637440809,2041.9506961042912,1,140,139,"Clackamas County, OR",,
OR1,41007,112,9154.915588,0.002883912254355637,0.23191074,0.2438095,2.5492825894916313,31.453556,43.76106,0.24982853333696037,0.31074937883373627,0.2802889560853483,2566.021733210003,1,112,111,"Clatsop County, OR",,
OR1,41009,98,7505.7557588,0.0021402851180570004,0.23683396,0.24585016,1.4038231015287737,33.853165,39.437145,0.18540934841534365,0.17112153771838545,0.17826544306686454,1338.016875894152,1,98,97,"Columbia County, OR",,
OR1,41015,17,534.1910949,0.003950590064614155,0.2490992,0.26162183,2.6173023575539682,45.328957,54.091953,0.342233062107725,0.3190407706005475,0.3306369163541362,176.62329636157577,1,17,16,"Curry County, OR",,
OR1,41017,11,564.4735165,0.0008433235930811335,0.28524828,0.2869198,0.1363056932907524,25.81837,26.26066,0.07305572354696678,0.01661522723930333,0.04483547539313505,25.30843845911216,1,11,10,"Deschutes County, OR",,
OR1,41019,31,1275.536317,0.0014819148326493798,0.25015414,0.25766313,1.5886974442756303,41.31687,48.173965,0.12837582302024728,0.19365712769483343,0.16101647535754035,205.38236195387827,1,31,30,"Douglas County, OR",,
OR1,41027,32,1376.7958776,0.0030025412340014502,0.259152,0.27275085,0.8010903507985946,33.705544,36.290527,0.2601051650033408,0.09765034677854428,0.17887775589094254,246.2781569049888,1,32,31,"Hood River County, OR",,
OR1,41031,62,5313.328087,0.0019826899092346855,0.27546927,0.28448865,0.6308697063938721,36.742264,38.887177,0.17175713697182737,0.07690099567424237,0.12432906632303486,660.601120124667,1,62,61,"Jefferson County, OR",,
OR1,41039,228,13458.3645432,0.0025848339166294415,0.24756795,0.26580152,4.110055094419453,28.952852,45.840523,0.2239198731985866,0.5010025459036976,0.36246120955114214,4878.135090908477,1,228,227,"Lane County, OR",,
OR1,41041,64,2740.7814068,0.002688305757230796,0.23837002,0.24667788,2.6706042246549764,30.85495,45.065407,0.23288346705969318,0.32553809740166123,0.2792107822306772,765.2557205159238,1,64,63,"Lincoln County, OR",,
OR1,41043,204,12261.7696047,0.0032553477212378897,0.24401273,0.26987934,1.8697831987479876,29.515299,38.77695,0.282005371512384,0.22792058046438912,0.2549629759883866,3126.297269298255,1,204,203,"Linn County, OR",,
OR1,41047,149,7686.241057,0.0025397164384004796,0.24411623,0.26987934,1.8535788254874672,29.876524,39.218002,0.2200114209227658,0.22594531928861616,0.222978370105691,1713.8655031293035,1,149,148,"Marion County, OR",,
OR1,41051,27,1097.9321751,0.0021041823403907312,0.23711678,0.24367584,1.6692634986505446,31.823017,37.40883,0.18228182469123172,0.2034778715602996,0.19287984812576564,211.76899118567954,1,27,26,"Multnomah County, OR",,
OR1,41053,105,5301.3961776,0.002379755638840477,0.24192742,0.25285566,2.0836355351203224,30.020626,38.51534,0.20615428227885377,0.25398849500778947,0.2300713886433216,1219.6995803288291,1,105,104,"Polk County, OR",,
OR1,41057,61,2908.952525,0.00333097955010741,0.23508622,0.25014785,1.9543627727142576,35.76149,44.001244,0.28855723135192196,0.23823055950727023,0.2633938954295961,766.2003371795097,1,61,60,"Tillamook County, OR",,
OR1,41059,6,253.878694,0.0026482001517987067,0.25810844,0.26509047,0.3582917679572057,27.817677,28.741512,0.2294091850080957,0.04367461841731153,0.1365419017127036,34.66507968309755,1,6,5,"Umatilla County, OR",,
OR1,41061,2,86.16827599999999,0.0,0.27123317,0.27123317,0.06365587376275686,27.75337,27.843393,0.0,0.007759447035191216,0.003879723517595608,0.3343090868678692,1,2,1,"Union County, OR",,
OR1,41065,62,5983.894157,0.005912478052217687,0.25914106,0.28057948,2.1958563362174344,27.40536,39.052685,0.5121881631251461,0.26766785106541113,0.38992800709527864,2333.287923308092,1,62,61,"Wasco County, OR",,
OR1,41067,92,5510.4995004,0.00135524423018702,0.24345748,0.2505361,1.9689271932389538,30.560522,38.468803,0.11740255891268475,0.2400059156995491,0.17870423730611693,984.7496103947204,1,92,91,"Washington County, OR",,
OR1,41071,114,5993.5145154,0.0017081995857719805,0.24270482,0.2505361,1.1095046518433251,30.958912,37.482483,0.14797849571035893,0.135245061804705,0.14161177875753195,848.7522515348811,1,114,113,"Yamhill County, OR",,
OR1,53011,88,2915.5793431,0.0007486714969741247,0.23637155,0.23915157,1.3853952084686052,33.49561,39.65884,0.0648561695168576,0.16887523660399867,0.11686570306042814,340.73122975984273,1,88,87,"Clark County, WA",,
OR1,53015,58,3481.1802818,0.0014658902056677479,0.23487549,0.24047583,1.7089921195900493,35.116856,40.700058,0.12698763617439351,0.2083206631479258,0.16765414966115966,583.6343199623751,1,58,57,"Cowlitz County, WA",,
OR1,53049,21,1135.4266185000001,0.002121957190278204,0.23049517,0.23737152,1.0570739651717185,42.41043,46.96828,0.1838216304432844,0.12885392910635748,0.15633777977482094,177.51007663352266,1,21,20,"Pacific County, WA",,
OR1,53059,29,1015.000236,0.003536212963623725,0.23711678,0.2493792,0.5192918419718446,38.69219,40.744987,0.3063362614222994,0.06330001153711139,0.1848181364797054,187.5904521439812,1,29,28,"Skamania County, WA",,
OR1,53069,37,2766.505807,0.002940158902124354,0.23049517,0.23797274,1.384224462360839,40.64856,44.81957,0.2547010871034476,0.16873252640495678,0.21171680675420218,585.7157753249971,1,37,36,"Wahkiakum County, WA",,
OR2,06035,1,127.371544,0.0,0.30881274,0.30881274,0.0,38.320587,38.320587,0.0,0.0,0.0,0.0,1,1,0,"Lassen County, CA",,
OR2,06049,37,2452.62044,0.0024628012353429814,0.29750928,0.30772662,1.0323332259808407,36.035088,38.982548,0.21334838450681815,0.12583811227728406,0.1695932483920511,415.94786749234163,1,37,36,"Modoc County, CA",,
OR2,06093,6,233.136125,0.0019030243561806365,0.2941297,0.29902145,0.5509552596744736,28.01684,29.194462,0.16485584229931735,0.0671596806939965,0.11600776149665692,27.045599985254796,1,6,5,"Siskiyou County, CA",,
OR2,32013,2,92.25,0.0,0.3102662,0.3102662,0.011420481622946932,38.851357,38.867508,0.0,0.001392120114475253,0.0006960600572376265,0.06421154028017105,1,2,1,"Humboldt County, NV",,
OR2,32031,23,2103.926724,0.0012626292466365575,0.30187964,0.30824623,0.29683011793260705,37.22052,38.574505,0.10937947656318082,0.03618264022471375,0.07278105839394729,153.1260137560302,1,23,22,"Washoe County, NV",,
OR2,41011,94,4619.7315978,0.005381789166192883,0.24789758,0.26619768,4.12052653402674,29.586405,46.09356,0.4662154654976224,0.5022789808375385,0.48424722316758045,2237.0921980141793,1,94,93,"Coos County, OR",,
OR2,41013,115,13442.245053,0.0022484168011205298,0.28406024,0.2954142,1.1367449724792493,35.77725,40.247437,0.1947766166969005,0.13856556960236477,0.16667109314963263,2240.4336773687514,1,115,114,"Crook County, OR",,
OR2,41015,9,357.823578,0.0016194082272940722,0.25637367,0.26162183,2.027374099560809,42.47085,48.228394,0.1402866476563728,0.24713040629511385,0.1937085269757433,69.31347821156999,1,9,8,"Curry County, OR",,
OR2,41017,140,15980.2055833,0.0037271828822132355,0.2860272,0.29713273,0.6578684713360081,34.46506,37.3422,0.3228796685944972,0.08019205860686135,0.20153586360067927,3220.584532746762,1,140,139,"Deschutes County, OR",,
OR2,41019,215,9329.6145386,0.0034736766430030043,0.25325376,0.27828607,3.7722762217587595,28.522242,44.48954,0.3009188437330586,0.45982838369228046,0.38037361371266953,3548.739196593542,1,215,214,"Douglas County, OR",,
OR2,41023,13,950.004657,0.0016496081805456384,0.28300968,0.28889322,0.5793604042417302,39.801643,41.81881,0.1429028194959593,0.07062217679636767,0.10676249814616348,101.42487043180917,1,13,12,"Grant County, OR",,
OR2,41025,42,5362.4032879999995,0.0034605307067043273,0.28830957,0.29962313,1.403913903935576,34.7735,39.458385,0.2997800330844755,0.1711326062408108,0.23545631966264313,1262.6117427393365,1,42,41,"Harney County, OR",,
OR2,41029,227,14170.881439,0.007469896695202114,0.26701194,0.29902145,1.1666609570952768,27.207714,32.798878,0.6471047559517104,0.14221223226540208,0.39465849410855625,5592.658728906631,1,227,226,"Jackson County, OR",,
OR2,41033,90,2129.1984664,0.003077882454846747,0.26746443,0.28427666,2.251309980674783,27.893612,35.767494,0.26663184995194444,0.2744274726311884,0.2705296612915664,576.0113399377146,1,90,89,"Josephine County, OR",,
OR2,41035,226,20177.90617,0.004268659675891831,0.28483066,0.30040652,4.226718793765772,24.886866,41.799557,0.3697869047617601,0.5152234770212416,0.44250519089150087,8928.828221546642,1,226,225,"Klamath County, OR",,
OR2,41037,823,86839.578403,0.0025096442318976266,0.28579077,0.30422547,2.058627902505091,32.71626,42.443684,0.21740631557205098,0.2509401447255106,0.2341732301487808,20335.504579388817,5,823,818,"Lake County, OR",,
OR2,41039,16,1156.350005,0.004042995585512459,0.25511554,0.26542148,0.7634076447854926,40.047844,42.57859,0.35023799905523245,0.09305694566459369,0.22164747235991306,256.3020557716228,1,16,15,"Lane County, OR",,
OR3,16003,82,7616.38318,0.002696462422268427,0.27036953,0.279562,1.4428653812251102,29.6928,34.631092,0.233590065417599,0.17588066650775555,0.20473536596267727,1559.3429976692796,1,82,81,"Adams County, ID",,
OR3,16015,1,20.25,0.0,0.27295792,0.27295792,0.0,31.62105,31.62105,0.0,0.0,0.0,0.0,1,1,0,"Boise County, ID",,
OR3,16027,21,824.9255886000001,0.0008474022595117934,0.27370316,0.27599785,0.34115316218314684,27.811253,29.034746,0.07340905165214873,0.0415854772917578,0.05749726447195326,47.43096473741592,1,21,20,"Canyon County, ID",,
OR3,16045,53,3921.6019099,0.0015297541374025999,0.27538043,0.28046486,0.7812820270045451,27.420824,30.322388,0.13252006261155455,0.09523577558109775,0.11387791909632615,446.5838650235903,1,53,52,"Gem County, ID",,
OR3,16049,25,1142.454551,0.002929712505864246,0.26268134,0.2728319,1.951198395189233,34.97681,41.309753,0.2537961331290755,0.23784483202678214,0.24582048257792882,280.838729050171,1,25,24,"Idaho County, ID",,
OR3,16073,6,289.03553,0.0014573851597124154,0.27599785,0.2795677,0.15589554065420333,28.502628,28.911903,0.1262508581556535,0.019003166859937557,0.07262701250779553,20.99178705250731,1,6,5,"Owyhee County, ID",,
OR3,16075,69,5057.7331028,0.002323121163258105,0.27392995,0.28030017,0.3948926876803938,26.822718,28.44684,0.20124813163238994,0.04813615324895696,0.12469214244067345,630.6595764812469,1,69,68,"Payette County, ID",,
OR3,16085,85,5274.0664092,0.001596135181552928,0.27046064,0.2763055,1.0232379228911221,30.296965,34.664734,0.13827054232063915,0.12472942397529466,0.1314999831479669,693.5396439310583,1,85,84,"Valley County, ID",,
OR3,16087,188,18740.7675373,0.003920134862431826,0.2719854,0.2884062,0.9830302952987655,27.00761,34.012993,0.33959477847679953,0.1198282430115967,0.2297115107441981,4304.970023499008,1,188,187,"Washington County, ID",,
OR3,41001,320,27691.511247,0.004255434262685843,0.27209476,0.28769606,1.5066227155427758,27.62809,34.329777,0.3686412091605722,0.18365248125947375,0.276146845210023,7646.923469956919,1,320,319,"Baker County, OR",,
OR3,41023,135,10639.512125,0.004460675422940719,0.27406737,0.29036593,1.5148147071722229,30.62529,37.636993,0.386420910318057,0.18465105878899332,0.28553598455352514,3037.963569781043,1,135,134,"Grant County, OR",,
OR3,41025,560,60179.795933,0.002562405879005527,0.28226486,0.29780236,1.2705679908976721,30.727543,36.43636,0.2219769695139318,0.15487816673012117,0.1884275681220265,11339.532597735011,2,560,558,"Harney County, OR",,
OR3,41045,779,83072.52806899999,0.004978935931685592,0.27392995,0.29469895,2.2416540336666513,26.806355,35.714596,0.43131695824415034,0.2732504436320507,0.3522837009381005,29265.097634431553,7,779,772,"Malheur County, OR",,
OR3,41059,21,1496.1901149999999,0.0027984757834303804,0.26188734,0.2684044,0.48081961158615705,37.85389,40.065544,0.24242731362491618,0.05861036993206482,0.1505188417784905,225.2048031902265,1,21,20,"Umatilla County, OR",,
OR3,41061,183,16070.437329,0.004273226083822496,0.26351738,0.28028554,1.5086454661145383,32.757072,39.934116,0.370182485103781,0.1838990480725457,0.27704076658816335,4452.166277033196,1,183,182,"Union County, OR",,
OR3,41063,32,2994.421649,0.0025638597584400043,0.2629463,0.27012572,0.26504606663607816,38.416702,39.810753,0.22210291667692736,0.03230826621928598,0.12720559144810667,380.9071769060599,1,32,31,"Wallowa County, OR",,
SD1,30011,74,10110.56532,0.0007998877479619718,0.28393275,0.28661612,0.5492515758867748,30.03165,32.687466,0.06929294835712449,0.0669520070994963,0.0681224777283104,688.7567608323275,1,74,73,"Carter County, MT",,
SD1,46007,172,23511.092307,0.0015862604323889835,0.28490597,0.29086626,0.8859411355292369,30.70253,33.86641,0.1374151091856772,0.10799338554454482,0.12270424736511101,2884.9108862620865,1,172,171,"Bennett County, SD",,
SD1,46019,380,47736.380447999996,0.001816554633614964,0.2779274,0.28751487,0.719125346637205,25.791925,31.038269,0.15736511371213205,0.08765907541684888,0.12251209456449047,5848.28395561187,1,380,379,"Butte County, SD",,
SD1,46033,165,14410.3399873,0.002671539222349958,0.28268057,0.2926598,1.3554150657407555,26.66306,31.382587,0.23143100996357438,0.1652207532727161,0.19832588161814524,2857.943382398484,1,165,164,"Custer County, SD",,
SD1,46041,79,10292.870365,0.0014592497450931386,0.2774553,0.28257778,0.603832081197267,32.693188,35.312946,0.1264123840932905,0.07360519580112594,0.10000878994720822,1029.3775102871293,1,79,78,"Dewey County, SD",,
SD1,46047,260,23625.9050237,0.0011569048362211724,0.28508854,0.29107875,0.7961103570443606,28.421072,31.875505,0.10022074631676005,0.09704330149760794,0.098632023907184,2330.270829126437,1,260,259,"Fall River County, SD",,
SD1,46055,300,40458.746492,0.0013332205937396733,0.28161147,0.28644902,0.9479349023990267,29.11183,32.7925,0.11549468783093561,0.11555022707547619,0.1155224574532059,4673.893820232113,1,300,299,"Haakon County, SD",,
SD1,46063,348,46639.844879,0.002609919921742955,0.27709854,0.28753778,0.9998206837176493,30.037977,34.114326,0.22609303219651627,0.1218749375573692,0.17398398487694272,8114.58606609089,1,348,347,"Harding County, SD",,
SD1,46065,5,574.616798,0.0013639337783778159,0.27771372,0.28084186,0.21099259842112927,35.427742,35.94286,0.11815532005393951,0.025719321650785203,0.07193732085236236,41.33639296488309,1,5,4,"Hughes County, SD",,
SD1,46071,307,37141.544991,0.001484801394752507,0.2805808,0.28790942,0.8463830654710656,29.485247,33.669487,0.12862588110558645,0.1031713835628463,0.11589863233421638,4304.654267236665,1,307,306,"Jackson County, SD",,
SD1,46075,171,20539.048826,0.0007581244981538017,0.27964383,0.2832378,0.7183811744139833,32.679337,35.547153,0.0656750673237463,0.08756836320743566,0.07662171526559097,1573.7371509718423,1,171,170,"Jones County, SD",,
SD1,46081,58,4255.128352,0.0019078601811665836,0.2779274,0.28563827,0.6609301089836631,28.51512,31.3747,0.1652747617937953,0.08056526242551391,0.12292001210965461,523.0404285559747,1,58,57,"Lawrence County, SD",,
SD1,46085,13,1157.350355,0.00014550722943973513,0.2811972,0.28163517,0.12097576443159291,35.184017,35.54895,0.01260504984711327,0.014746558034019521,0.013675803940566396,15.827696545524917,1,13,12,"Lyman County, SD",,
SD1,46093,558,75272.984367,0.0020838664663608724,0.27998024,0.2890857,1.2359026792367707,25.61403,31.01866,0.1805218942340299,0.15065257631887877,0.16558723527645433,12464.245372339297,2,558,556,"Meade County, SD",,
SD1,46095,173,23953.949728,0.0010568137108850127,0.28060174,0.28490597,0.7775751952307046,32.59653,35.62416,0.09155001820947727,0.09478392466589898,0.09316697143768812,2231.7169501283934,1,173,172,"Mellette County, SD",,
SD1,46102,328,41784.337698,0.0018294590994068856,0.28217736,0.2909885,0.8095790218182682,28.29446,31.64894,0.15848300617138547,0.09868508857506421,0.12858404737322485,5372.799258018457,1,328,327,"Oglala Lakota County, SD",Oglala Lakota County,SD
SD1,46103,322,31099.3167772,0.0015760513827098553,0.2820116,0.2917382,1.4581589816480052,25.822838,32.173916,0.1365307161517877,0.17774490739306817,0.15713781177242792,4886.878585986763,1,322,321,"Pennington County, SD",,
SD1,46105,320,43938.862259,0.0023268065024631373,0.2762375,0.28754428,1.0397865402639443,29.517515,34.072964,0.2015673864526612,0.1267466474052743,0.16415701692896775,7212.8725556902455,1,320,319,"Perkins County, SD",,
SD1,46107,79,9781.704533,0.0013015428755586069,0.27471524,0.27967912,0.2639788569816845,33.370537,34.49909,0.1127504996675528,0.03217817678214189,0.07246433822484734,708.8247456948344,1,79,78,"Potter County, SD",,
SD1,46117,206,26365.091457,0.0016873042473864609,0.27432153,0.28356487,0.8700916410058329,32.115696,35.53197,0.14616836721752782,0.10606138294966629,0.12611487508359706,3325.030215667167,1,206,205,"Stanley County, SD",,
SD1,46119,10,1388.31756,0.0005672922693912848,0.27789965,0.27928162,0.07865964160892715,33.692413,33.933468,0.04914358799279308,0.009588358258129731,0.029365973125461405,40.76929615656615,1,10,9,"Sully County, SD",,
SD1,46121,148,20036.799955,0.0016183677761471662,0.2838426,0.28912157,0.7596972217873403,33.55921,36.21063,0.14019651509993053,0.09260465699065888,0.11640058604529471,2332.2952572343347,1,148,147,"Todd County, SD",,
SD1,46137,278,37731.111769,0.00199374971743266,0.2786506,0.2867723,0.9095344528057788,29.918673,33.644455,0.17271522980454618,0.11086933531901635,0.14179228256178128,5349.9804613201995,1,278,277,"Ziebach County, SD",,
SD1,56009,2,147.233165,0.0,0.28521737,0.28521737,0.05302805884152722,32.499672,32.574665,0.0,0.006463950451663921,0.0032319752258319605,0.47585394170082934,1,2,1,"Converse County, WY",,
SD1,56011,50,6478.725016,0.0016165287758699535,0.2779274,0.28432488,0.2695274341564729,30.521973,31.583921,0.14003720555735744,0.03285453056009648,0.08644586805872696,560.0590079219097,1,50,49,"Crook County, WY",,
SD1,56027,8,1089.484605,0.0005174774516947935,0.28598857,0.28743285,0.14760952017303638,31.420732,31.840385,0.044828212993166694,0.017993127514695836,0.03141067025393127,34.22144167438956,1,8,7,"Niobrara County, WY",,
UT1,04015,5,126.55530399999999,0.001419804778721373,0.30500478,0.30817956,0.2463877916673224,23.977098,24.570883,0.12299533210729457,0.030033882288469534,0.07651460719788206,9.683329374368551,1,5,4,"Mohave County, AZ",,
UT1,08077,7,344.54514,0.0005200229923717084,0.29730135,0.29836708,0.7099027718588012,44.1612,45.924908,0.04504872895820784,0.08653487310383338,0.06579180103102061,22.668245297085143,1,7,6,"Mesa County, CO",,
UT1,08103,9,777.047457,0.0013919291214005045,0.29340327,0.2966177,0.21937001232968964,39.79157,40.499443,0.12058051016749452,0.02674050156196852,0.07366050586473152,57.237708763523216,1,9,8,"Rio Blanco County, CO",,
UT1,32017,84,8652.106595,0.003354474954595764,0.30141708,0.3140677,1.1230248581831028,35.29025,38.84779,0.2905925992569679,0.13689313163388298,0.21374286544542542,1849.3260557545627,1,84,83,"Lincoln County, NV",,
UT1,32033,2,287.11017000000004,0.0,0.30219764,0.30219764,0.08114615999540968,39.326065,39.440823,0.0,0.00989145688173591,0.004945728440867955,1.4199689334314336,1,2,1,"White Pine County, NV",,
UT1,49001,126,13655.599012,0.0035032473709610676,0.29802835,0.3111696,1.2239999308912766,34.209698,39.305447,0.3034805068295386,0.14920166943628238,0.22634108813291048,3090.8231394827776,1,126,125,"Beaver County, UT",,
UT1,49003,182,13470.0998367,0.0038354336229315137,0.27863008,0.29222307,2.2076744123789442,26.176676,36.866005,0.3322572506431333,0.26910843668010026,0.3006828436616168,4050.2279233048357,1,182,181,"Box Elder County, UT",,
UT1,49005,81,4634.1927856,0.004200476483815998,0.27748072,0.2931358,3.0888705680454964,26.042109,35.171642,0.363880307968182,0.37652342438401887,0.3702018661761004,1715.5868174489412,1,81,80,"Cache County, UT",,
UT1,49007,110,7360.18742,0.004448260561377858,0.2905241,0.3037017,1.5865421086524483,24.788284,38.582817,0.3853454314607698,0.19339439918884396,0.2893699153248069,2129.8168105001087,1,110,109,"Carbon County, UT",,
UT1,49011,1,13.5,0.0,0.27655792,0.27655792,0.0,27.126692,27.126692,0.0,0.0,0.0,0.0,1,1,0,"Davis County, UT",,
UT1,49013,8,454.477261,0.004257825199671218,0.2893549,0.3022237,4.035324009521159,25.116354,37.2559,0.36884833206434814,0.4918930661200747,0.43037069909221143,195.59369653808344,1,8,7,"Duchesne County, UT",,
UT1,49015,211,13093.671732,0.003204460238471887,0.2905241,0.3047279,2.129789424894108,33.083637,42.81348,0.2775970733176523,0.25961450627742466,0.26860578979753846,3517.0360369235636,1,211,210,"Emery County, UT",,
UT1,49017,127,8125.362535,0.004342833768511591,0.29462403,0.31343466,2.6709064664806057,38.930717,49.197147,0.37621248332879414,0.3255749397117131,0.3508937115202536,2851.1386173537667,1,127,126,"Garfield County, UT",,
UT1,49019,45,1440.039474,0.0021667750665632125,0.2956089,0.30484354,0.9825003097320536,40.802586,44.70339,0.18770412869982817,0.11976363946928034,0.15373388408455424,221.38286157309844,1,45,44,"Grand County, UT",,
UT1,49021,250,28034.0835946,0.003572139458054395,0.2980225,0.31242242,1.874644241844245,24.255089,35.95884,0.30944851402221707,0.22851312604127913,0.2689808200317481,7540.630794114085,1,250,249,"Iron County, UT",,
UT1,49023,358,33028.438394,0.0040521890624399945,0.2886043,0.3043897,1.198602329281889,27.393309,34.18189,0.35103441470678515,0.14610578318321785,0.24857009894500148,8209.882199595466,1,358,357,"Juab County, UT",,
UT1,49027,677,75488.819641,0.004609943385057604,0.2870413,0.30458307,2.914548588918499,30.62225,41.450966,0.39935174619683117,0.3552741337192345,0.37731293995803283,28482.9084727074,7,677,670,"Millard County, UT",,
UT1,49029,30,2123.391676,0.005037932842002454,0.28049663,0.2930567,1.1288571942617907,27.360651,30.959932,0.43642776269168965,0.13760407471295655,0.2870159187023231,609.4472126520056,1,30,29,"Morgan County, UT",,
UT1,49031,38,2564.328054,0.0022163535663224606,0.29207876,0.3011978,4.204334618530171,30.817268,41.00563,0.19199903186867207,0.5124949177870315,0.3522469748278518,903.2767994876922,1,38,37,"Piute County, UT",,
UT1,49033,53,5224.996791,0.0008646518005666086,0.2890446,0.2926468,0.7086392798462938,29.96603,34.37483,0.07490335077166997,0.08638085747619503,0.0806421041239325,421.3547352670351,1,53,52,"Rich County, UT",,
UT1,49035,23,830.246944,0.0028481795058656507,0.28093988,0.28904027,1.00689370467163,26.05379,29.984964,0.24673306462640268,0.12273711614713699,0.18473509038676983,153.3757442431794,1,23,22,"Salt Lake County, UT",,
UT1,49037,4,150.296385,0.002134355988575171,0.3001694,0.30484354,0.26170786915741945,43.10075,43.66726,0.18489571776650088,0.03190135064343199,0.10839853420496644,16.291907830305302,1,4,3,"San Juan County, UT",,
UT1,49039,158,10933.6418575,0.00304504329361984,0.28520712,0.2982445,0.9581034048480181,27.53161,34.300694,0.2637870479046758,0.11678973494044127,0.19028839142255852,2080.54512145403,1,158,157,"Sanpete County, UT",,
UT1,49041,151,9650.970592,0.0046230507109168845,0.28053412,0.3011978,2.3132594751883016,30.788986,41.16161,0.40048721208711546,0.2819789175037549,0.3412330647954352,3293.2302733587753,1,151,150,"Sevier County, UT",,
UT1,49043,7,507.59635299999997,0.0021053506453150737,0.28553402,0.29074797,0.8486532763839651,29.168936,31.12734,0.18238303300826633,0.10344811499855026,0.1429155740034083,72.54342415103166,1,7,6,"Summit County, UT",,
UT1,49045,382,31880.7383659,0.0038760530959229002,0.28093988,0.3043897,1.3003097611194012,27.363312,33.587822,0.33577604818873535,0.15850359321673954,0.24713982070273743,7878.999963619409,1,382,381,"Tooele County, UT",,
UT1,49047,2,179.61462,0.0032912709394396383,0.29874116,0.30339572,0.3913065287476006,39.860027,40.413418,0.2851173402980264,0.04769901196640233,0.16640817613221437,29.889341320880753,1,2,1,"Uintah County, UT",,
UT1,49049,144,10021.1596395,0.005169767324583347,0.2791253,0.29781714,2.091433384414874,26.125286,34.161636,0.4478483651655262,0.2549390278496602,0.3513936965075932,3521.3723290166054,1,144,143,"Utah County, UT",,
UT1,49051,4,162.433879,0.0013083250000000036,0.29530948,0.29792613,0.18472307017352382,32.97903,33.42688,0.11333802385437362,0.02251715033449086,0.06792758709443224,11.033741462858966,1,4,3,"Wasatch County, UT",,
UT1,49053,28,1242.0278931,0.004280095716107266,0.30159473,0.31770414,4.955426161300859,23.715315,35.13084,0.370777589949872,0.6040505700812747,0.48741408001557335,605.3818828690174,1,28,27,"Washington County, UT",,
UT1,49055,114,7404.401079,0.003545047357309642,0.28823128,0.30618858,5.216205607597815,30.923578,48.0313,0.30710157028845525,0.6358387489530195,0.47147015962073735,3490.95415861209,1,114,113,"Wayne County, UT",,
UT1,49057,30,1199.6369138,0.005063820717415921,0.2780182,0.29052976,2.075048189198882,26.5232,35.401478,0.4386703863831658,0.25294172505693435,0.3458060557200501,414.8417094573517,1,30,29,"Weber County, UT",,
UT1,56023,3,301.916565,0.001218532384140851,0.28997654,0.2920871,0.1416793737293225,31.902805,32.183144,0.10555943853483053,0.01727026166554544,0.06141485010018799,18.54216058223866,1,3,2,"Lincoln County, WY",,
UT1,56041,23,2222.765671,0.001276177250308084,0.2890446,0.29243293,0.1580045103772068,31.307934,31.897146,0.11055311764112599,0.01926024351126838,0.06490668057619718,144.2723414033336,1,23,22,"Uinta County, WY",,
UT2,08045,9,523.86228,0.003225493670934147,0.30003786,0.31243604,0.733749297441533,39.852493,42.339386,0.2794191646712128,0.08944168815945829,0.18443042641533555,96.61614368330991,1,9,8,"Garfield County, CO",,
UT2,08077,8,944.317322,0.0019789424084596242,0.30053952,0.3043632,0.29973106301027047,41.946026,42.680817,0.17143249719788878,0.03653625613400157,0.10398437666594518,98.19424810302463,1,8,7,"Mesa County, CO",,
UT2,08103,4,132.800846,0.0007321100000000172,0.30003786,0.30150208,0.24706815337001123,42.640163,43.173813,0.06342147451438075,0.03011681619990184,0.046769145357141294,6.210982070125336,1,4,3,"Rio Blanco County, CO",,
UT2,49015,2,36.0,0.0034068758270958386,0.3007749,0.30559295,0.30633279974563765,42.74667,43.17989,0.2951319998932039,0.03734098668768581,0.16623649329044485,5.984513758456014,1,2,1,"Emery County, UT",,
UT2,49019,76,5254.17716,0.0026506805849248584,0.29900983,0.31243604,0.7589575401073669,39.920628,43.073246,0.22962406081404682,0.0925144921640783,0.16106927648906255,846.2865137065575,1,76,75,"Grand County, UT",,
UT2,49027,48,4757.117606,0.0027682062623368407,0.29384983,0.3023395,0.4551190565868584,35.627384,37.10659,0.23980511523861306,0.05547755463154258,0.1476413349350778,702.3471937930015,1,48,47,"Millard County, UT",,
UT2,49029,8,772.856648,0.0023726238481899965,0.28756985,0.2930567,1.200620713168038,28.641808,31.28285,0.205536467088539,0.14635181771130595,0.17594414239992248,135.97960013043877,1,8,7,"Morgan County, UT",,
UT2,49033,43,2848.260981,0.0014090588104386879,0.28763834,0.29335734,0.5294677510461945,31.263681,33.232574,0.12206442670568465,0.06454042224597414,0.0933024244758294,265.74965506720423,1,43,42,"Rich County, UT",,
UT2,49035,2,87.75,0.0,0.2856694,0.2856694,0.13934175519384198,28.788382,28.985441,0.0,0.016985313456647323,0.008492656728323661,0.7452306279104013,1,2,1,"Salt Lake County, UT",,
UT2,49043,115,8434.762259,0.002753350390099615,0.28231797,0.29224,1.3219344749030806,26.385237,31.44944,0.23851817567695963,0.16113957653355016,0.1998288761052549,1685.5090624309908,1,115,114,"Summit County, UT",,
UT2,49047,47,2649.3427245,0.0021432415067895536,0.29736078,0.30542648,6.247358220961453,24.492857,41.27883,0.1856654554657271,0.7615329483353772,0.47359920190055216,1254.7265998842342,1,47,46,"Uintah County, UT",,
UT2,49051,34,1741.5663433,0.002632795947483706,0.28620735,0.29608083,0.49418006448478746,25.662724,27.352278,0.22807474434838867,0.06023896632867486,0.14415685533853176,251.05872741355384,1,34,33,"Wasatch County, UT",,
UT2,49057,3,202.228557,0.0,0.29383668,0.29383668,0.2972887277176847,30.7969,31.389238,0.0,0.03623854328796276,0.01811927164398138,3.664234158453372,1,3,2,"Weber County, UT",,
UT2,56041,73,7726.153898,0.0032372786521393544,0.28101346,0.29145384,0.488420590125113,30.189186,32.167286,0.2804400780382731,0.05953690485967367,0.16998849144897338,1313.3572458236254,1,73,72,"Uinta County, WY",,
WA1,53009,114,8966.8019145,0.004803420318733808,0.22074707,0.24011303,1.9966144037838673,46.42066,55.759003,0.41611233192611446,0.24338089794511744,0.32974661493561597,2956.7725781045756,1,114,113,"Clallam County, WA",,
WA1,53015,49,3659.0921281,0.0015256241219115275,0.23328678,0.23927492,0.4196601807829151,38.591732,40.61961,0.13216228622247228,0.0511552312941305,0.09165875875830139,335.38784264391757,1,49,48,"Cowlitz County, WA",,
WA1,53027,260,22374.6371145,0.0019843256110747406,0.22439046,0.2361157,1.866505803706106,34.216473,46.968723,0.17189883510812132,0.2275210765107452,0.19970995580943326,4468.4377893889005,1,260,259,"Grays Harbor County, WA",,
WA1,53029,34,468.9421698,0.004934830995316494,0.22584458,0.23827648,3.141127923740779,33.57864,43.709198,0.427496220789545,0.3828934285917678,0.4051948246906564,190.01294028216702,1,34,33,"Island County, WA",,
WA1,53031,112,8077.446456,0.006767549107928892,0.21982777,0.2407369,2.0533295121687223,42.187843,51.29705,0.5862615498672635,0.25029428792147007,0.41827791889436683,3378.6174935963586,1,112,111,"Jefferson County, WA",,
WA1,53033,84,2070.8777973,0.003636801185217714,0.21782295,0.23754166,1.08801869129635,32.62475,38.714634,0.3150500521535691,0.132625992062833,0.22383802210820106,463.5411901754201,1,84,83,"King County, WA",,
WA1,53035,42,1033.0453254,0.0014903541925516436,0.231641,0.2372978,5.423266212836876,31.58435,47.01752,0.12910691076520242,0.6610787732344418,0.3950928419998221,408.14881352691697,1,42,41,"Kitsap County, WA",,
WA1,53041,216,14522.0725451,0.004127887747356569,0.23252128,0.24977005,1.8025939945600995,33.339348,41.72307,0.35759206617474565,0.21973043177244558,0.28866124897359563,4191.959598553729,1,216,215,"Lewis County, WA",,
WA1,53045,100,7104.9074743,0.00216357584423588,0.22955775,0.23789118,1.6540598795807755,33.39571,42.034107,0.1874269853780613,0.20162459911360012,0.19452579224583072,1382.0877552715317,1,100,99,"Mason County, WA",,
WA1,53049,88,6725.432609,0.001888762415550685,0.22957821,0.23689751,1.288652068015072,40.88703,45.380016,0.16362035404729505,0.1570825577827953,0.16035145591504518,1078.4329105116708,1,88,87,"Pacific County, WA",,
WA1,53053,114,5129.8654284,0.0027397811555554415,0.23033884,0.24223153,2.262187434242598,31.616627,41.36021,0.2373426954037453,0.2757533993658017,0.2565480473847735,1316.0569590026746,1,114,113,"Pierce County, WA",,
WA1,53055,9,298.58981600000004,0.0017651405179506482,0.23975867,0.24532883,0.5894437390862927,46.938633,48.6914,0.1529111941832583,0.07185130300326073,0.11238124859325951,33.55589633931162,1,9,8,"San Juan County, WA",,
WA1,53057,131,5249.0576315,0.0025845154263277018,0.22173944,0.23495838,2.6287353976840815,32.514385,42.619656,0.22389228291221588,0.3204344215568043,0.2721633522345101,1428.6011210611778,1,131,130,"Skagit County, WA",,
WA1,53061,134,5423.7704666,0.0038106537496144593,0.21782295,0.23471896,1.6313971394946385,33.276615,41.8214,0.33011061133476827,0.1988620837167324,0.26448634752575034,1434.5132405290688,1,134,133,"Snohomish County, WA",,
WA1,53067,90,3674.8901076,0.001457336387168175,0.23090109,0.23859961,2.375616495703489,31.94578,39.292496,0.12624663307107395,0.2895800384900639,0.20791333578056892,764.0586608981299,1,90,89,"Thurston County, WA",,
WA1,53073,92,2452.3722289,0.0025127523653680787,0.22011587,0.23577273,5.292318530977722,31.383036,45.73404,0.2176755680172895,0.6451166704196398,0.43139611921846466,1057.9438624265963,1,92,91,"Whatcom County, WA",,
WA2,16049,18,1344.5512899999999,0.0053283766484058005,0.25185856,0.2647341,1.89278305843824,40.304207,45.0871,0.4615884277087897,0.23072418966074512,0.34615630868476743,465.4249113837422,1,18,17,"Idaho County, ID",,
WA2,16061,1,155.7257,0.0,0.26653114,0.26653114,0.0,38.950676,38.950676,0.0,0.0,0.0,0.0,1,1,0,"Lewis County, ID",,
WA2,16069,3,91.127241,0.002260949842168131,0.26345092,0.267367,0.1859410606518469,38.94457,39.31631,0.19586233324685626,0.02266561947091554,0.1092639763588859,9.956924706274497,1,3,2,"Nez Perce County, ID",,
WA2,41009,10,570.967481,0.001502664723330955,0.23666711,0.23970065,0.1574349207459323,31.368391,31.822205,0.13017335161982613,0.01919081236038762,0.07468208199010687,42.64104022972679,1,10,9,"Columbia County, OR",,
WA2,41013,264,25603.885824,0.0021928109776408996,0.27956948,0.29192868,1.5849831470856541,33.67025,39.375607,0.18995957647526107,0.19320436676932962,0.19158197162229534,4905.242927354058,1,264,263,"Crook County, OR",,
WA2,41017,121,8025.8771801,0.0025584472123470208,0.2807015,0.2909244,0.6874193175853457,34.076458,36.98097,0.22163403678989665,0.0837942120730348,0.15271412443146573,1225.6648063534528,1,121,120,"Deschutes County, OR",,
WA2,41021,165,16174.360196,0.002092381344565702,0.27035782,0.2785517,1.328807485234147,31.668404,36.401016,0.18125952400422923,0.1619773744692912,0.17161844923676023,2775.818614234301,1,165,164,"Gilliam County, OR",,
WA2,41023,55,3337.025902,0.0028123425388915917,0.27465975,0.2858364,0.9691384362890467,39.484585,44.137924,0.24362856764149887,0.11813486991286275,0.18088171877718082,603.6069807577321,1,55,54,"Grant County, OR",,
WA2,41031,179,14611.7085023,0.0024110512648000226,0.27447453,0.283509,1.259652471901947,33.33779,38.476807,0.20886537042708953,0.153547599941821,0.18120648518445526,2647.736340241604,1,179,178,"Jefferson County, OR",,
WA2,41049,231,23954.031247,0.0030164120537312764,0.2627683,0.2773499,0.7888810775738765,32.212757,36.023403,0.2613067711007697,0.09616207549538729,0.1787344232980785,4281.409960596698,1,231,230,"Morrow County, OR",,
WA2,41055,132,14816.326486,0.0017248820729989843,0.27138498,0.27940968,0.724830173881887,32.070957,35.145042,0.1494236718976858,0.08835447557764166,0.11888907373766372,1761.499332115354,1,132,131,"Sherman County, OR",,
WA2,41059,401,40973.3560257,0.005118111601426546,0.2536708,0.2748781,1.7760508349005721,33.374634,39.891846,0.44337351558047633,0.21649490566385216,0.3299342106221642,13518.511876880224,3,401,398,"Umatilla County, OR",,
WA2,41061,1,20.25,0.0,0.2698561,0.2698561,0.0,37.18031,37.18031,0.0,0.0,0.0,0.0,1,1,0,"Union County, OR",,
WA2,41063,15,1203.936565,0.001216429452708682,0.27250546,0.2761336,0.30200913636082033,43.337864,44.23985,0.10537726507424292,0.03681394597566099,0.07109560552495195,85.59459910230566,1,15,14,"Wallowa County, OR",,
WA2,41065,295,29196.1541047,0.003361367534711273,0.26990005,0.28214955,0.932153369595368,33.198154,37.299526,0.29118969203555867,0.11362650879646063,0.20240810041600965,5909.53809178541,1,295,294,"Wasco County, OR",,
WA2,41069,209,16034.198313,0.0023606530555768624,0.27575055,0.28458574,1.3023846651547846,36.016533,40.913567,0.2044994571875258,0.15875651736990828,0.18162798727871704,2912.2591672179906,1,209,208,"Wheeler County, OR",,
WA2,53001,45,4759.0416079999995,0.001586861869065948,0.25807005,0.2641702,0.4452156435517627,33.10342,34.802578,0.13746721064704245,0.05427036031668884,0.09586878548186564,456.2435390166249,1,45,44,"Adams County, WA",,
WA2,53005,269,28237.4972452,0.0032208077754758272,0.26030612,0.27604643,1.118678105029315,29.063038,34.96643,0.2790132333229361,0.13636327635300866,0.20768825483797237,5864.59652384764,1,269,268,"Benton County, WA",,
WA2,53009,34,822.0715665,0.002454149483467377,0.23318057,0.24239285,0.6222178467518272,30.765574,33.685764,0.21259889759763323,0.07584636170757089,0.14422262965260207,118.56132308326394,1,34,33,"Clallam County, WA",,
WA2,53013,18,1293.914688,0.0012052687547152241,0.2569505,0.2610678,0.5745697399918824,37.25022,39.14935,0.10441043232594721,0.07003821017533567,0.08722432125064145,112.8608304170355,1,18,17,"Columbia County, WA",,
WA2,53015,15,502.424412,0.0006182352363053491,0.23638615,0.23893188,0.22116578042450621,31.43644,32.121857,0.053556692687206746,0.026959399938434887,0.04025804631282082,20.22662524698777,1,15,14,"Cowlitz County, WA",,
WA2,53021,184,20222.3632799,0.002057396852904816,0.25716624,0.2641702,0.6608688438840514,32.34995,35.642227,0.17822887554119857,0.08055779440618682,0.1293933349736927,2616.6390258358037,1,184,183,"Franklin County, WA",,
WA2,53025,79,7458.9412206,0.0014177241375897002,0.26252058,0.26798663,0.5789043399793653,30.446295,32.658127,0.1228150896184528,0.07056658402418058,0.09669083682131668,721.2112684208273,1,79,78,"Grant County, WA",,
WA2,53027,12,777.234098,0.00012144726203919386,0.23052754,0.23079607,0.15408257149183882,32.564617,33.05753,0.010520774793760327,0.01878217172845555,0.014651473261107939,11.387624604468348,1,12,11,"Grays Harbor County, WA",,
WA2,53037,123,6984.2898995,0.004629592233654134,0.2527696,0.27635565,1.3301233696840529,28.684158,35.511738,0.40105389334753494,0.16213777656716408,0.2815958349573495,1966.746945833885,1,123,122,"Kittitas County, WA",,
WA2,53039,296,31213.570119,0.005876012072781941,0.26453376,0.28489408,1.3978460587551134,29.013227,34.629753,0.5090291758344029,0.17039295535688742,0.3397110655956451,10603.595166169878,2,296,294,"Klickitat County, WA",,
WA2,53041,10,533.641426,0.0014025022915631887,0.23252128,0.23703592,0.11862153553474983,31.619902,31.98299,0.12149644635469162,0.014459585075296922,0.06797801571499427,36.27588524279996,1,10,9,"Lewis County, WA",,
WA2,53045,15,645.0011108,0.0006805688217373278,0.23224062,0.23386046,0.2787676325879617,31.918634,32.758865,0.05895654776344409,0.03398088113995049,0.04646871445169729,29.972372438792767,1,15,14,"Mason County, WA",,
WA2,53059,7,308.0353155,0.006610802662707252,0.24895628,0.26453376,1.7093733989073308,35.170765,39.19018,0.5726828654061255,0.2083671398749453,0.39052500264053536,120.29549239901566,1,7,6,"Skamania County, WA",,
WA2,53067,3,238.993088,0.000547905405460954,0.23252128,0.23347028,0.053588372193352045,31.852661,31.957434,0.04746413613901262,0.006532250853804327,0.026998193496408474,6.452381634128178,1,3,2,"Thurston County, WA",,
WA2,53071,199,20988.6990767,0.003124400138745323,0.25335276,0.26514712,1.7818230228972682,28.897055,39.47961,0.2706615997215712,0.2171985168844672,0.24393005830301923,5119.774589483956,1,199,198,"Walla Walla County, WA",,
WA2,53077,522,46359.8633643,0.004315426681647626,0.2622809,0.28241527,1.0751122591297941,27.593431,33.10365,0.3738382528701796,0.13105273933861586,0.2524454961043977,11703.338706332805,2,522,520,"Yakima County, WA",,
WA3,41021,42,4429.266826,0.0025607973203140696,0.27035782,0.2789474,0.649295662933591,34.375134,36.31133,0.2218376227435624,0.07914706073299166,0.15049234173827702,666.5707368284056,1,42,41,"Gilliam County, OR",,
WA3,41023,161,13297.705097,0.002132238067073702,0.27072716,0.2822346,1.0848261025082544,36.97119,43.766247,0.18471224574108272,0.13223682571977563,0.1584745357304292,2107.3476415272366,1,161,160,"Grant County, OR",,
WA3,41049,67,7647.142641,0.0026663431839436627,0.27114287,0.28263077,0.6540079026793111,34.503166,37.00274,0.2309808857781916,0.07972146765827105,0.15535117671823132,1187.9926078115132,1,67,66,"Morrow County, OR",,
WA3,41059,8,547.554852,0.001871791863653953,0.25828218,0.26383695,0.6511755751662708,35.957394,37.99295,0.16215022329561354,0.07937621601023524,0.12076321965292439,66.1244868641005,1,8,7,"Umatilla County, OR",,
WA3,41061,17,1498.957292,0.0009391276144250762,0.26383695,0.26756105,0.3758791233979784,36.057796,37.44416,0.08135506694896909,0.045818460689281124,0.0635867638191251,95.31384330135936,1,17,16,"Union County, OR",,
WA3,41063,155,13899.8343262,0.003989244455574517,0.26287666,0.2761336,1.8612276048852687,37.998238,44.79645,0.3455816278576279,0.22687768098774702,0.28622965442268744,3978.5447757208344,1,155,154,"Wallowa County, OR",,
WA3,41069,35,2623.373779,0.0018173885107747477,0.27685204,0.28263077,0.9275472048576477,36.40083,39.325607,0.15743735110683685,0.11306503207475366,0.13525119159079524,354.8144295977975,1,35,34,"Wheeler County, OR",,
WA3,53001,89,10839.032371,0.0014576807129391323,0.2576406,0.26334158,0.32602697331787234,33.174316,34.892097,0.12627646144127436,0.0397416433388718,0.08300905239007308,899.7378059420371,1,89,88,"Adams County, WA",,
WA3,53003,59,4748.54415,0.004495429236922732,0.25187334,0.269756,0.5905954939380652,37.131363,40.424515,0.38943157555652896,0.07199169822905187,0.23071163689279042,1095.5443937041841,1,59,58,"Asotin County, WA",,
WA3,53007,44,1594.0431303,0.002586442347419259,0.261299,0.2744996,0.7455440493436181,28.803654,31.958153,0.2240592088890492,0.09087943062166286,0.15746931975535602,251.01288738903935,1,44,43,"Chelan County, WA",,
WA3,53017,310,34694.0173561,0.004397744751054555,0.25581425,0.272767,1.6939406602920124,27.365273,34.27551,0.38096933063303545,0.20648593848982544,0.2937276345614305,10190.591651440467,2,310,308,"Douglas County, WA",,
WA3,53019,43,2724.7731545,0.003456701613263298,0.24361251,0.25659883,2.4514761049773552,35.123367,43.7222,0.2994483250732703,0.29882708177886813,0.2991377034260692,815.0823837941361,1,43,42,"Ferry County, WA",,
WA3,53023,2,279.03112999999996,0.003384877735133085,0.26459342,0.26938036,1.6063323535011311,37.83207,40.103767,0.29322634168776923,0.1958067666207818,0.24451655415427553,68.22773040937369,1,2,1,"Garfield County, WA",,
WA3,53025,392,41420.3684764,0.0024307274790219113,0.2564334,0.26816693,1.2032835446799375,28.2903,34.69441,0.2105698882165105,0.14667640833992932,0.1786231482782199,7398.636620098502,1,392,391,"Grant County, WA",,
WA3,53037,31,2196.944063,0.002505680449947999,0.27131394,0.27971458,0.4978894345112471,28.685423,30.599764,0.21706293971883375,0.060691126648734425,0.13887703318378408,305.1050735401684,1,31,30,"Kittitas County, WA",,
WA3,53043,51,6323.624258,0.0010791869164627108,0.2564334,0.2611225,0.3428211779143454,33.26871,34.895996,0.09348817188495083,0.04178880306446401,0.06763848747470742,427.72038016948903,1,51,50,"Lincoln County, WA",,
WA3,53047,426,35198.8740851,0.003917778245892421,0.24363425,0.26642254,2.3153494984214658,31.364141,42.588764,0.3393906286963102,0.28223368463868576,0.31081215666749795,10940.237966657634,2,426,424,"Okanogan County, WA",,
WA4,16009,68,7116.9002434,0.0025972224250728495,0.2447758,0.2551514,1.241570997656128,32.492603,36.897644,0.22499306912886316,0.15134352617085198,0.18816829764985757,1339.175003344435,1,68,67,"Benewah County, ID",,
WA4,16035,7,256.375651,0.002489894903253477,0.24659058,0.25295773,1.2198426551994905,38.83287,41.791927,0.21569546400154785,0.1486949108508716,0.18219518742620971,46.71040978546153,1,7,6,"Clearwater County, ID",,
WA4,16049,28,2436.423118,0.0048700917941713745,0.2509783,0.2645497,0.9600407022064534,41.043552,44.000755,0.4218879712157017,0.11702588528063171,0.2694569282481667,656.5110892891006,1,28,27,"Idaho County, ID",,
WA4,16055,20,1619.610972,0.002513139267446196,0.24405305,0.25180238,0.784132405922103,30.499516,33.76142,0.21770908470233255,0.09558322763750102,0.15664615616991678,253.7058332544227,1,20,19,"Kootenai County, ID",,
WA4,16057,19,1838.38938,0.003219804007436682,0.25163734,0.26228404,1.527638905196488,34.25075,38.519974,0.27892627856325103,0.1862142874347732,0.2325702829990121,427.55473836897846,1,19,18,"Latah County, ID",,
WA4,16069,3,209.5006653,0.0,0.25778505,0.25778505,0.21143143472293452,37.437527,37.85948,0.0,0.025772814389784716,0.012886407194892358,2.699710880656656,1,3,2,"Nez Perce County, ID",,
WA4,16079,5,227.875788,0.0005371846326264558,0.2453715,0.24681109,2.32743021118858,36.994183,41.710064,0.046535413377272475,0.28370628481401516,0.1651208490956438,37.62704360289892,1,5,4,"Shoshone County, ID",,
WA4,30053,19,667.586485,0.004100516387058029,0.24085718,0.2548439,1.5484976312963739,40.635,46.393173,0.35522093064921295,0.18875689930743153,0.2719889149783222,181.576123709342,1,19,18,"Lincoln County, MT",,
WA4,53001,212,24371.59957,0.0017729706783086152,0.25792953,0.26403686,0.4673012211076336,32.783108,34.846165,0.15358950798253207,0.05696252145055506,0.10527601471654356,2565.7448749970267,1,212,211,"Adams County, WA",,
WA4,53003,2,87.800848,0.0,0.26295257,0.26295257,0.10328496620756943,37.44655,37.592617,0.0,0.01259010641823983,0.006295053209119915,0.5527110099658499,1,2,1,"Asotin County, WA",,
WA4,53005,8,787.7630606,0.0020909296977575207,0.26381442,0.26785448,0.12682510412536882,28.427189,28.78167,0.18113377024994512,0.015459573799286586,0.09829667202461585,77.43448720090578,1,8,7,"Benton County, WA",,
WA4,53013,77,8230.250345,0.0010794771905581653,0.2589033,0.26360452,0.6708877836969461,36.125072,38.83977,0.09351331784819003,0.0817790710650646,0.08764619445662732,721.350122164594,1,77,76,"Columbia County, WA",,
WA4,53019,132,7654.5358841,0.003913823714600242,0.24015255,0.25618252,2.9886554277530357,33.896553,44.28559,0.3390480542121982,0.36430751990799604,0.3516777870600971,2691.930240692392,1,132,131,"Ferry County, WA",,
WA4,53021,35,3658.077967,0.0014318115108346134,0.25716624,0.26403686,1.8771482584194865,28.639074,35.759212,0.12403545538756784,0.2288183576380245,0.17642690651279616,645.3833795004284,1,35,34,"Franklin County, WA",,
WA4,53023,78,8427.168493,0.0013523025439461701,0.2589033,0.26459342,0.41187144477381354,36.289337,37.9312,0.1171477255147618,0.050205809332553884,0.08367676742365784,705.1582180287381,1,78,77,"Garfield County, WA",,
WA4,53043,359,42044.296994,0.0024641402644103158,0.2513836,0.2612714,0.7657308560020143,30.993244,34.921047,0.21346438237307863,0.093340137667477,0.15340226002027782,6449.690179843373,1,359,358,"Lincoln County, WA",,
WA4,53051,38,2526.899966,0.0010946763272432379,0.24328622,0.24717839,3.5701516988539805,32.65606,42.056202,0.09482999383938383,0.4351900520304105,0.26501002293489717,669.6538179438509,1,38,37,"Pend Oreille County, WA",,
WA4,53063,262,18799.4601404,0.0033787981968327312,0.24464814,0.2560334,0.859382771610633,29.516682,33.279636,0.2926996813725501,0.10475600608548993,0.19872784372902003,3735.976176971352,1,262,261,"Spokane County, WA",,
WA4,53065,311,23471.1869221,0.0038300238963182975,0.23812994,0.2529968,3.1063899789700504,30.8365,42.343945,0.3317886150029564,0.37865898443718027,0.35522379972006835,8337.524202408338,1,311,310,"Stevens County, WA",,
WA4,53071,18,2029.108716,0.0014897926735549765,0.25716624,0.26332024,1.6662998221558152,29.18906,36.619072,0.12905826730624617,0.2031166088922856,0.1660874380992659,337.0094682653309,1,18,17,"Walla Walla County, WA",,
WA4,53075,365,41844.032057,0.0018849039987543202,0.2523826,0.2630458,1.0154706782453846,32.715454,37.622196,0.1632861058024732,0.123782621742046,0.14353436377225962,6006.05651896753,1,365,364,"Whitman County, WA",,
WY1,08045,132,7102.5377191,0.005955472630563178,0.2847706,0.30824202,0.8252835975146429,33.175285,37.416153,0.5159127121065766,0.1005994260293003,0.30825606906793845,2189.4003576965274,1,132,131,"Garfield County, CO",,
WY1,08077,11,599.82605,0.006175816360664933,0.29197818,0.30508554,0.6878690212551178,34.864742,37.120823,0.5350007238302953,0.08384902950936649,0.3094248766698309,185.60110154460182,1,11,10,"Mesa County, CO",,
WY1,08081,324,32417.832811,0.0034053760786820447,0.2919361,0.30709773,0.8597068450318961,30.186419,35.356,0.29500207917664023,0.1047955095970932,0.19989879438686672,6480.285695553911,1,324,323,"Moffat County, CO",,
WY1,08103,361,27165.4303525,0.003108002661324792,0.28917527,0.30709773,0.9281892021740106,31.990547,36.138256,0.2692411134608641,0.11314328949042622,0.19119220147564517,5193.818433127786,1,361,360,"Rio Blanco County, CO",,
WY1,16007,1,128.86743,0.0,0.2891007,0.2891007,0.0,33.11306,33.11306,0.0,0.0,0.0,0.0,1,1,0,"Bear Lake County, ID",,
WY1,16081,3,95.87689800000001,0.0003434887691516692,0.27431756,0.2749125,0.34516461885647004,28.138594,28.741213,0.0297558621228068,0.04207446100607494,0.03591516156444087,3.443434281967418,1,3,2,"Teton County, ID",,
WY1,49005,8,313.285211,0.005745142465822134,0.27748072,0.28974864,0.3502493827582764,34.44532,35.5068,0.49769215893460883,0.04269427743227884,0.27019321818344383,84.64753936936924,1,8,7,"Cache County, UT",,
WY1,49007,29,2098.432212,0.004001395874514361,0.29186147,0.307441,0.5012116323806589,35.11724,36.97048,0.34663428511761185,0.06109609192348977,0.2038651885205508,427.79727849697645,1,29,28,"Carbon County, UT",,
WY1,49009,32,1962.882484,0.00817691418767291,0.28148097,0.30338854,1.0684651287481688,28.694307,33.05251,0.7083525081746782,0.13024247544491044,0.4192974918097943,823.0317022585787,1,32,31,"Daggett County, UT",,
WY1,49013,287,28073.797641,0.0028950368970361976,0.2893549,0.30515242,1.0526737042735195,32.494053,36.987972,0.25079224267332617,0.12831755140289763,0.1895548970381119,5321.525821308544,1,287,286,"Duchesne County, UT",,
WY1,49015,192,8136.829244,0.0024659131293404183,0.29186147,0.30690235,1.1227204851620136,34.156666,39.06184,0.21361796272026953,0.1368560295379337,0.1752369961291016,1425.8735147339885,1,192,191,"Emery County, UT",,
WY1,49017,9,297.478711,0.003935627586740289,0.29567116,0.304147,0.49499529492682426,38.43661,39.750805,0.34093688747665946,0.06033834030726536,0.2006376138919624,59.68541875869667,1,9,8,"Garfield County, UT",,
WY1,49019,133,6696.880713,0.0033586895224329374,0.2925978,0.30911165,1.057819542685197,34.486183,38.796295,0.2909577002754957,0.12894481261614996,0.20995125644582285,1406.0185199621478,1,133,132,"Grand County, UT",,
WY1,49033,47,3977.584436,0.001755714766245647,0.2863134,0.2917953,0.4501127421316809,32.787113,34.842686,0.1520946569531459,0.05486730094150228,0.10348097894732408,411.60433128291993,1,47,46,"Rich County, UT",,
WY1,49037,3,69.750002,0.0013156080584024372,0.3018012,0.3040799,0.11645704654220783,36.456776,36.68919,0.11396894311904242,0.01419574080291321,0.06408234196097781,4.469743479942886,1,3,2,"San Juan County, UT",,
WY1,49043,9,801.123106,0.00014234142053525444,0.2835403,0.2838631,0.3562541072612748,33.12811,34.2428,0.012330801074725355,0.04342623410788089,0.027878517591303123,22.334124603420396,1,9,8,"Summit County, UT",,
WY1,49047,478,34328.861946,0.0029179296165917712,0.2949836,0.30641457,1.727898372559826,29.053045,36.165264,0.2527754009826767,0.21062527480245533,0.231700337892566,7954.00891235545,1,478,477,"Uintah County, UT",,
WY1,49051,20,1193.644911,0.0019321102411873558,0.2921192,0.29821804,0.31093427927784056,32.868313,34.144722,0.16737550425541933,0.03790189229785332,0.10263869827663633,122.51415986957143,1,20,19,"Wasatch County, UT",,
WY1,49055,109,6593.608306,0.003459801034713901,0.29009038,0.30348593,1.0054244616641468,36.894943,41.096226,0.29971682281068507,0.12255802013251185,0.21113742147159847,1392.1574559225544,1,109,108,"Wayne County, UT",,
WY1,56007,619,75358.7673324,0.002576201402598878,0.28618416,0.2984534,1.2445060725626813,30.025312,35.85412,0.22317205283199634,0.15170130239691715,0.18743667761445676,14124.996977905916,3,619,616,"Carbon County, WY",,
WY1,56013,804,91178.7183429,0.0042831504200502345,0.28640765,0.30758047,2.067591007864141,25.37178,39.934048,0.37104221388379993,0.25203271854774095,0.31153746621577044,28405.586885348457,7,804,797,"Fremont County, WY",,
WY1,56017,7,839.530092,0.0006823914237305133,0.2944834,0.29626882,0.16664891785370206,34.970848,35.46598,0.059114436749881476,0.02031396908283881,0.039714202916360145,33.3412684280785,1,7,6,"Hot Springs County, WY",,
WY1,56023,399,44384.742622,0.003285745893711731,0.2852587,0.3008157,1.3894792789243489,28.010334,34.02943,0.28463871475429214,0.16937307170571198,0.22700589323000206,10075.598144690854,1,399,398,"Lincoln County, WY",,
WY1,56025,26,2590.447877,0.001340894937248003,0.288547,0.29308861,0.47625284090718706,33.096626,34.645267,0.11615950347507123,0.05805369521988666,0.08710659934747894,225.64510535236641,1,26,25,"Natrona County, WY",,
WY1,56035,522,59490.380793,0.00321536263668878,0.2880197,0.3045532,5.342305184983255,28.571276,46.608837,0.27854152998489945,0.6512098833675594,0.4648757066762294,27655.63281158386,7,522,515,"Sublette County, WY",,
WY1,56037,1608,201334.765916,0.003155066616938626,0.2833612,0.30081072,1.8343337060384841,25.05742,34.986732,0.27331818584275835,0.2235994008961224,0.24845879336944038,50023.393002808094,18,1608,1590,"Sweetwater County, WY",,
WY1,56039,18,426.2502568,0.0016530950713812957,0.27598605,0.28089473,0.35410205058187905,26.479788,28.005514,0.14320488306327575,0.04316390529463207,0.09318439417895391,39.71987194853153,1,18,17,"Teton County, WY",,
WY1,56041,267,29349.4667255,0.002470537641502245,0.2835403,0.29282713,1.2517793645708502,28.230719,34.42994,0.214018576535424,0.15258789338644943,0.1833032349609367,5379.85219516252,1,267,266,"Uinta County, WY",,
WY2,30003,390,48074.938384,0.00346021969237203,0.26623598,0.2793276,1.156051733393392,27.794308,32.623493,0.2997530904289327,0.1409190018919399,0.2203360461604363,10592.641842937155,2,390,388,"Big Horn County, MT",,
WY2,30075,44,5002.1541720000005,0.0013617278387258102,0.27586502,0.280822,0.6280546321827616,28.896395,31.410648,0.11796422316218837,0.07655784714842598,0.09726103515530718,486.5146927751585,1,44,43,"Powder River County, MT",,
WY2,30087,102,11046.496076,0.0013689862086922334,0.27232754,0.278605,0.8406265344305429,28.424019,31.68839,0.11859300370861095,0.10246968087501826,0.1105313422918146,1220.9840389015428,1,102,101,"Rosebud County, MT",,
WY2,56003,50,4480.716372,0.0031716554652622005,0.27293912,0.2874849,1.3905248697839718,31.916245,40.95605,0.27475525024725567,0.16950052588104797,0.22212788806415182,995.2920647268284,1,50,49,"Big Horn County, WY",,
WY2,56005,2,239.11743,0.0009079109649078767,0.27854937,0.27983335,0.008100615285271142,30.486217,30.497673,0.07865082039888867,0.0009874390459674617,0.039819129722428064,9.521447964063613,1,2,1,"Campbell County, WY",,
WY2,56009,16,1756.838516,0.0018004606180451726,0.28545272,0.29012954,0.50308086232505,32.051086,33.78619,0.15597091584802208,0.06132394506402088,0.10864743045602149,190.87599048957,1,16,15,"Converse County, WY",,
WY2,56017,25,3254.954373,0.00185357768191249,0.2827845,0.2890206,0.44503174824484176,35.498585,37.01154,0.16057235895403035,0.05424794406804239,0.10741015151103638,349.6151423654404,1,25,24,"Hot Springs County, WY",,
WY2,56019,302,36082.64315,0.006176330179978127,0.2683826,0.29614815,0.9511719834444119,27.068995,32.969646,0.53504523514482,0.11594481688212784,0.32549502601347396,11744.72087074415,2,302,300,"Johnson County, WY",,
WY2,56025,298,37768.54305,0.003359310878979538,0.285752,0.3039847,0.544880869092838,32.584553,35.947365,0.2910115273621146,0.06641923194664394,0.17871537965437928,6749.819510173518,1,298,297,"Natrona County, WY",,
WY2,56033,303,32726.783762,0.004882393161880529,0.26264098,0.28277767,0.7897358149215382,27.115393,30.683937,0.42295361828876193,0.09626626523917903,0.25960994176397045,8496.198426574874,1,303,302,"Sheridan County, WY",,
WY2,56043,249,29926.442491,0.002596134216906,0.2827845,0.29406542,1.1015780160161461,31.53702,36.85301,0.22489879946102612,0.13427883029718574,0.17958881487910594,5374.45434050641,1,249,248,"Washakie County, WY",,
WY3,30011,164,22694.409654,0.0011303681034578157,0.28009441,0.28478798,0.5407697188368774,29.407116,31.871445,0.09792191318970793,0.06591809590405769,0.08192000454688281,1859.126142044501,1,164,163,"Carter County, MT",,
WY3,30075,170,22500.19026,0.0011907514707006355,0.2774276,0.28363973,0.5864343486360493,29.162096,31.420416,0.10315282410020347,0.07148446795055369,0.08731864602537859,1964.686148816611,1,170,169,"Powder River County, MT",,
WY3,46033,8,642.3590489999999,0.002585095209828571,0.2868671,0.29359734,0.2357555770258383,30.681383,31.283836,0.223942508594865,0.02873784939314152,0.12634017899400327,81.15575722907771,1,8,7,"Custer County, SD",,
WY3,46063,36,4913.543368,0.0017501979310811037,0.27589372,0.28104216,0.31885978894187705,33.053413,34.195827,0.15161674267689215,0.03886798652969415,0.09524236460329315,467.97748894914895,1,36,35,"Harding County, SD",,
WY3,46081,1,39.598797,0.0,0.278339,0.278339,0.0,31.650227,31.650227,0.0,0.0,0.0,0.0,1,1,0,"Lawrence County, SD",,
WY3,46103,3,72.000002,0.0006613605068594095,0.29137257,0.29251808,0.6675686773249125,30.60791,31.850086,0.057292563317808784,0.08137448263393339,0.06933352297587109,4.992013792929764,1,3,2,"Pennington County, SD",,
WY3,56001,15,1821.792256,0.0006720316728916358,0.29267925,0.29544088,0.4237701432145681,31.420795,32.761383,0.05821698872458037,0.05165622254473989,0.05493660563466013,100.08308271614979,1,15,14,"Albany County, WY",,
WY3,56005,797,96770.885808,0.00302985323791367,0.27854937,0.2914337,1.0540162131976005,25.590078,30.505123,0.26247115858361625,0.12848119893885798,0.19547617876123713,18916.402973087876,4,797,793,"Campbell County, WY",,
WY3,56007,189,23051.602984,0.003236023249444321,0.2832111,0.29740837,1.1027129037407584,31.048685,36.355026,0.2803313245858843,0.1344171694742244,0.20737424703005436,4780.308811642754,1,189,188,"Carbon County, WY",,
WY3,56009,527,61078.335492,0.002042917414470701,0.28521737,0.29544088,1.1670517585318056,28.786692,33.805233,0.17697454581529432,0.1422598697082455,0.1596172077617699,9749.153365969649,1,527,526,"Converse County, WY",,
WY3,56011,395,48314.825789,0.0018034744546698736,0.27767745,0.28751847,1.223923015114836,26.67819,31.814684,0.15623199951397934,0.1491922936496003,0.15271214658178983,7378.260757963408,1,395,394,"Crook County, WY",,
WY3,56013,242,31629.748247,0.0034326498489356642,0.28816906,0.30758047,0.8678034803801318,31.831076,35.824383,0.297364760638512,0.1057824635014892,0.20157361207000063,6375.72260301256,1,242,241,"Fremont County, WY",,
WY3,56017,211,23402.944485,0.004217629017484661,0.28545237,0.30758047,0.5919189742590417,33.831272,36.797455,0.3653662034988046,0.07215302623926831,0.21875961486903645,5119.61912234004,1,211,210,"Hot Springs County, WY",,
WY3,56019,281,37513.621772,0.002241401233765629,0.27919516,0.29406542,1.0506213237671957,28.628283,32.921963,0.19416886973783318,0.1280673727957477,0.16111812126679043,6044.124261817606,1,281,280,"Johnson County, WY",,
WY3,56025,401,51596.263418,0.002772088773181936,0.28578305,0.2999531,1.0345588261365852,30.007593,35.463486,0.24014145071089726,0.12610940580463983,0.18312542825776856,9448.587834921887,1,401,400,"Natrona County, WY",,
WY3,56027,137,19218.96213,0.0007109280607409906,0.2855531,0.28797305,0.481517766442308,29.958721,32.036797,0.06158651826343282,0.05869547277188844,0.060140995517660625,1155.8475153144193,1,137,136,"Niobrara County, WY",,
WY3,56029,3,375.29104,0.0005396435231088564,0.28545237,0.28638706,0.24350661038255103,34.99139,35.43964,0.04674842297974098,0.0296826755222049,0.03821554925097294,14.341953222568856,1,3,2,"Park County, WY",,
WY3,56033,21,2608.9092650000002,0.0009727078379819093,0.27759448,0.28043613,0.3074958441944499,29.160786,30.513052,0.0842640659962391,0.03748275807918012,0.060873412037709615,158.81320865734315,1,21,20,"Sheridan County, WY",,
WY3,56043,37,4475.888033,0.0013085738967593557,0.2859788,0.29406542,0.4898858684807187,33.199184,35.727192,0.11335958536764343,0.05971551759593912,0.08653755148179128,387.332391082471,1,37,36,"Washakie County, WY",,
WY3,56045,393,44085.695937,0.0012997852462732743,0.2855531,0.29204625,1.0021356148626372,26.680727,31.188776,0.1125982391589879,0.12215712024606488,0.11737767970252638,5174.676697156155,1,393,392,"Weston County, WY",,
WY4,08049,30,2592.253927,0.0020704525417995605,0.29211932,0.29714042,0.6088087864122682,33.333633,35.354145,0.17935986820692598,0.07421184021966751,0.12678585421329674,328.661128472468,1,30,29,"Grand County, CO",,
WY4,08057,186,15755.1027216,0.004002170376173016,0.2848287,0.3013415,0.815931428520504,30.890928,34.47029,0.3467013789111753,0.09945942659665352,0.22308040275391441,3514.6546605638214,1,186,185,"Jackson County, CO",,
WY4,08063,210,26929.80262,0.002206897327631193,0.29578668,0.30512217,0.4735235296088407,29.368702,31.622414,0.19117985360152628,0.05772100091832076,0.12445042725992353,3351.425442084408,1,210,209,"Kit Carson County, CO",,
WY4,08069,168,10831.024959,0.0036595521799430786,0.277668,0.29025716,1.3427884500129195,25.932272,31.703037,0.31702093307604184,0.16368160927574563,0.24035127117589372,2603.2506170334823,1,168,167,"Larimer County, CO",,
WY4,08073,41,5472.019767,0.0017301077978608196,0.29766804,0.30453435,0.3470401455366944,29.28656,30.620724,0.14987636777145344,0.042303081698527104,0.09608972473499028,525.8048731554557,1,41,40,"Lincoln County, CO",,
WY4,08075,198,23487.1902525,0.0016326539567732233,0.2861557,0.29301995,0.684686191130757,28.432713,31.39026,0.1414341032225942,0.0834610527161481,0.11244757796937115,2641.077657199448,1,198,197,"Logan County, CO",,
WY4,08081,22,2541.897176,0.001242085856635765,0.28690967,0.2916921,0.32234433788034506,39.02508,40.146652,0.10759983677493286,0.03929274187953578,0.07344628932723432,186.69291542857584,1,22,21,"Moffat County, CO",,
WY4,08095,6,843.33051,0.0002808721274886382,0.2912075,0.2917203,0.15527866153907555,31.424448,31.841574,0.024331486354946863,0.018927971272507723,0.021629728813727295,18.241010231642335,1,6,5,"Phillips County, CO",,
WY4,08107,78,6536.732537,0.00253977037762479,0.2852315,0.29610184,1.5756791436200892,34.627445,39.958317,0.2200160935882668,0.1920702385602762,0.20604316607427148,1346.8490677041848,1,78,77,"Routt County, CO",,
WY4,08117,5,272.251507,0.0007858124250608503,0.29036537,0.2921225,0.237713384694259,33.229206,33.791412,0.06807362648929707,0.02897649987439671,0.04852506318184689,13.211021578528031,1,5,4,"Summit County, CO",,
WY4,08121,50,7040.28944,0.0008393485494119987,0.2964989,0.29896244,0.38258733749492335,30.327263,31.68914,0.07271137210967515,0.046636170492149645,0.0596737713009124,420.12062193478863,1,50,49,"Washington County, CO",,
WY4,08123,372,40831.0036445,0.00277240704639126,0.28042462,0.29273716,0.8340883666169805,25.67317,29.337566,0.24016902219091224,0.10167269916920414,0.17092086068005818,6978.870285348533,1,372,371,"Weld County, CO",,
WY4,08125,75,9675.825247,0.0011774372285409881,0.29346704,0.29766706,0.513441363843759,31.023684,33.2336,0.10199943339415338,0.06258685700034992,0.08229314519725164,796.2540919546043,1,75,74,"Yuma County, CO",,
WY4,56001,594,64333.889464,0.0033952647112437994,0.28236514,0.2974129,1.1669474503472497,25.569324,33.074017,0.2941261481931948,0.14224715487478937,0.21818665153399208,14036.795922308133,3,594,591,"Albany County, WY",,
WY4,56007,325,34960.45926,0.002920748085188149,0.2835115,0.29585436,2.342447766020528,30.331615,39.966534,0.2530195602405133,0.2855368766263415,0.26927821843342736,9414.090185147219,1,325,324,"Carbon County, WY",,
WY4,56015,32,4525.66794,0.0002154673353583876,0.28486976,0.2863867,0.23228287902771322,27.683077,28.523441,0.018665577738472616,0.028314538634952986,0.0234900581867128,106.30820324434066,1,32,31,"Goshen County, WY",,
WY4,56021,471,52578.1044263,0.0016794823932084308,0.28449485,0.29228726,0.696945624000835,25.540777,28.625017,0.1454907729688396,0.0849554382993448,0.1152231056340922,6058.2124803518955,1,471,470,"Laramie County, WY",,
WY4,56025,121,14132.680041,0.0016148473151784872,0.2823745,0.29140088,1.8501579061228122,25.666698,35.14315,0.1398915434076931,0.22552832017993013,0.18270993179381162,2582.181006354873,1,121,120,"Natrona County, WY",,
WY4,56031,110,13679.499723,0.0021674115041580644,0.28188205,0.29193097,0.6715774656405334,28.064041,31.031206,0.1877592622326332,0.081863141083997,0.13481120165831512,1844.1497957422189,1,110,109,"Platte County, WY",,
